unique_ride_id,driver_id,medallion,pickuptime,dropofftime,trip_date,pickupx,pickupy,dropoffx,dropoffy,trip_distance_travelled,trip_duration,fare,extras,tip,tolls,total,paymenttype,hail_type,passengers,nextpickuptime
2070106,322638,r1,2016-03-11T13:57:56Z,2016-03-11T13:58:05Z,2016-03-11,37.66488198,-120.9395388,37.664882,-120.93953871,0.0,00:00:09,0.0,0.0,0.0,0,0.0,0,2,1,2016-03-11T15:26:46Z
2070640,322638,r1,2016-03-11T15:26:46Z,2016-03-11T16:04:23Z,2016-03-11,37.62465139,-120.98845194,37.66127153,-120.99421784,0.0,00:37:36,24.0,0.0,0.0,0,24.0,0,2,1,2016-03-11T16:29:23Z
2070815,322638,r1,2016-03-11T16:29:23Z,2016-03-11T16:29:31Z,2016-03-11,37.65471904,-121.01271733,37.65471904,-121.01271731,0.0,00:00:07,6.75,0.0,0.0,0,6.75,0,2,1,2016-03-11T17:04:09Z
2071195,322638,r1,2016-03-11T17:04:09Z,2016-03-11T17:11:39Z,2016-03-11,37.62826609,-121.01187826,37.61015354,-120.97109016,0.0,00:07:30,12.75,0.0,0.0,0,12.75,0,2,1,2016-03-11T17:19:19Z
2071328,322638,r1,2016-03-11T17:19:19Z,2016-03-11T17:27:06Z,2016-03-11,37.61724245,-120.99395214,37.64031764,-120.99453602,0.0,00:07:47,0.9,0.0,0.0,0,0.9,0,2,1,2016-03-11T17:32:23Z
2071479,322638,r1,2016-03-11T17:32:23Z,2016-03-11T17:46:18Z,2016-03-11,37.63605142,-121.00027996,37.66800219,-120.9719802,0.0,00:13:54,13.25,0.0,0.0,0,13.25,0,2,1,2016-03-11T18:05:48Z
2071677,322638,r1,2016-03-11T18:05:48Z,2016-03-11T18:07:35Z,2016-03-11,37.66239996,-120.99373419,37.6512044,-120.99309104,0.0,00:01:46,5.25,0.0,0.0,0,5.25,0,2,1,2016-03-11T18:44:40Z
2071966,322638,r1,2016-03-11T18:44:40Z,2016-03-11T18:50:33Z,2016-03-11,37.53039774,-120.8366059,37.51664668,-120.84749653,0.0,00:05:53,8.0,0.0,0.0,0,8.0,0,2,1,2016-03-11T19:26:39Z
2072204,322638,r1,2016-03-11T19:26:39Z,2016-03-11T19:30:32Z,2016-03-11,37.67047818,-121.0120478,37.66695365,-121.02178669,0.0,00:03:53,8.25,0.0,0.0,0,8.25,0,2,1,2016-03-11T19:49:12Z
2072307,322638,r1,2016-03-11T19:49:12Z,2016-03-11T19:49:46Z,2016-03-11,37.63288519,-121.00152277,37.6328854,-121.00152266,0.0,00:00:34,6.0,0.0,0.0,0,6.0,0,2,1,2016-03-11T20:09:29Z
2072426,322638,r1,2016-03-11T20:09:29Z,2016-03-11T20:09:39Z,2016-03-11,37.71938123,-121.06261061,37.71938124,-121.06261065,0.0,00:00:09,15.0,0.0,0.0,0,15.0,0,2,1,2016-03-11T20:47:07Z
2072685,322638,r1,2016-03-11T20:47:07Z,2016-03-11T20:54:15Z,2016-03-11,37.68860207,-120.95792888,37.69478763,-120.99235715,0.0,00:07:08,336.75,0.0,0.0,0,336.75,0,2,1,2016-03-11T21:29:32Z
2073012,322638,r1,2016-03-11T21:29:32Z,2016-03-11T21:53:11Z,2016-03-11,37.63921876,-120.99195875,37.63863664,-120.96227311,0.0,00:23:38,21.75,0.0,0.0,0,21.75,0,2,1,2016-03-11T22:43:35Z
2073263,322638,r1,2016-03-11T22:43:35Z,2016-03-11T22:44:05Z,2016-03-11,37.61030951,-120.96935703,37.61029985,-120.96936793,0.0,00:00:29,17.25,0.0,0.0,0,17.25,0,2,1,2016-03-11T23:30:33Z
2073526,322638,r1,2016-03-11T23:30:33Z,2016-03-11T23:30:46Z,2016-03-11,37.59492491,-120.93867555,37.59657078,-120.93866386,0.0,00:00:13,12.0,0.0,0.0,0,12.0,0,2,1,
2066566,396521,983,2016-03-11T00:53:52Z,2016-03-11T01:25:43Z,2016-03-11,37.61715228,-122.38464064,37.75959731,-122.41587442,11.972620176771109,00:31:50,39.25,0.0,0.0,4,43.25,0,0,1,2016-03-11T01:27:49Z
2066704,396521,983,2016-03-11T01:27:49Z,2016-03-11T01:41:39Z,2016-03-11,37.76018706,-122.41592557,37.78257983,-122.4066286,2.0017124035792304,00:13:50,12.85,0.0,0.0,0,12.85,0,0,1,2016-03-11T03:23:37Z
2067771,396521,983,2016-03-11T03:23:37Z,2016-03-11T03:45:08Z,2016-03-11,37.61493329,-122.39007561,37.75610705,-122.42255298,11.93611461924111,00:21:30,37.05,0.0,0.0,4,41.05,0,0,1,2016-03-11T03:49:14Z
2067924,396521,983,2016-03-11T03:49:14Z,2016-03-11T04:07:13Z,2016-03-11,37.75672374,-122.42104972,37.79995419,-122.40580493,3.681853989354074,00:17:58,16.7,0.0,0.0,0,16.7,0,0,1,2016-03-11T04:16:50Z
2068080,396521,983,2016-03-11T04:16:50Z,2016-03-11T04:27:45Z,2016-03-11,37.791349,-122.40079116,37.80592072,-122.41956851,1.7495421943969531,00:10:55,11.2,0.0,0.0,0,11.2,0,0,1,2016-03-11T04:29:08Z
2068168,396521,983,2016-03-11T04:29:08Z,2016-03-11T04:39:28Z,2016-03-11,37.8057847,-122.42054126,37.78615868,-122.45624097,3.1562570935913166,00:10:19,12.85,0.0,0.0,0,12.85,0,0,1,2016-03-11T05:01:30Z
2068397,396521,983,2016-03-11T05:01:30Z,2016-03-11T05:10:57Z,2016-03-11,37.78665562,-122.40269337,37.77569459,-122.44800654,3.1658319139414806,00:09:27,11.75,0.0,0.0,0,11.75,0,0,1,2016-03-11T06:46:23Z
2069101,396521,983,2016-03-11T06:46:23Z,2016-03-11T07:09:57Z,2016-03-11,37.61753884,-122.38685211,37.80062856,-122.40806286,14.806527918144624,00:23:34,46.95,0.0,0.0,4,50.95,0,0,1,2016-03-11T07:13:50Z
2069162,396521,983,2016-03-11T07:13:50Z,2016-03-11T07:23:37Z,2016-03-11,37.80008311,-122.4092352,37.78879787,-122.41371165,2.018196944401371,00:09:47,10.65,0.0,2.13,0,12.78,1,1,1,2016-03-11T07:25:57Z
2069229,396521,983,2016-03-11T07:25:57Z,2016-03-11T07:37:40Z,2016-03-11,37.78792708,-122.41806877,37.75614228,-122.43468303,2.819147141524492,00:11:43,13.4,0.0,2.68,0,16.08,1,1,1,2016-03-11T08:49:01Z
2069530,396521,983,2016-03-11T08:49:01Z,2016-03-11T09:09:37Z,2016-03-11,37.61757532,-122.3869557,37.80081786,-122.43665696,15.404403511947125,00:20:36,45.85,0.0,0.0,4,49.85,0,0,1,2016-03-11T09:49:35Z
2069662,396521,983,2016-03-11T09:49:35Z,2016-03-11T10:02:16Z,2016-03-11,37.61711112,-122.38457136,37.75039478,-122.4150105,11.422993085134921,00:12:41,33.75,0.0,0.0,4,37.75,0,0,1,2016-03-11T22:30:53Z
2073247,396521,983,2016-03-11T22:30:53Z,2016-03-11T22:40:29Z,2016-03-11,37.617542,-122.38455793,37.57941419,-122.34504833,4.619170587405105,00:09:36,16.7,0.0,0.0,4,20.7,0,0,1,2016-03-11T23:00:25Z
2073519,396521,983,2016-03-11T23:00:25Z,2016-03-11T23:29:24Z,2016-03-11,37.61528498,-122.39024906,37.80689498,-122.41349619,15.593456910728735,00:28:58,49.15,0.0,0.0,4,53.15,0,0,1,2016-03-11T23:40:43Z
2073616,396521,983,2016-03-11T23:40:43Z,2016-03-11T23:43:49Z,2016-03-11,37.79426867,-122.39997009,37.79088063,-122.40902152,0.656024165302289,00:03:06,5.15,0.0,0.0,0,5.15,0,0,1,2016-03-11T23:48:15Z
2073679,396521,983,2016-03-11T23:48:15Z,2016-03-11T23:53:38Z,2016-03-11,37.78754011,-122.40832161,37.78421564,-122.41802526,0.6892393075113711,00:05:23,6.25,0.0,0.0,0,6.25,0,0,1,
2073343,178217,932,2016-03-11T22:29:30Z,2016-03-11T22:57:13Z,2016-03-11,37.61505096,-122.39020292,37.77682098,-122.44149069,14.196783163682438,00:27:42,44.75,0.0,8.0,4,56.75,0,0,1,
2065946,331853,8100,2016-03-10T23:24:51Z,2016-03-11T00:00:28Z,2016-03-11,37.61532146,-122.39028775,37.78208531,-122.40449218,13.657203595676267,00:35:37,46.95,0.0,7.85,4,58.8,0,0,1,2016-03-11T12:12:35Z
2069903,331853,8100,2016-03-11T12:12:35Z,2016-03-11T12:22:36Z,2016-03-11,37.7441693,-122.39534041,37.78335475,-122.42538897,4.137422533820773,00:10:01,15.6,0.0,0.0,0,15.6,0,0,1,2016-03-11T12:33:41Z
2069970,331853,8100,2016-03-11T12:33:41Z,2016-03-11T12:51:14Z,2016-03-11,37.78792557,-122.41039827,37.61531233,-122.38463468,13.97795856038725,00:17:33,42.0,0.0,6.47,0,48.47,0,0,1,2016-03-11T13:26:54Z
2070070,331853,8100,2016-03-11T13:26:54Z,2016-03-11T13:45:18Z,2016-03-11,37.78458793,-122.40864661,37.61723482,-122.38410398,14.025682780610312,00:18:23,42.0,0.0,6.0,0,48.0,0,0,1,2016-03-11T14:41:39Z
2070262,331853,8100,2016-03-11T14:41:39Z,2016-03-11T14:48:39Z,2016-03-11,37.78805566,-122.41052665,37.79069078,-122.39730008,1.0019037796134327,00:07:00,7.35,0.0,0.0,0,7.35,0,0,1,2016-03-11T15:06:36Z
2070360,331853,8100,2016-03-11T15:06:36Z,2016-03-11T15:14:01Z,2016-03-11,37.78796393,-122.41056034,37.79365051,-122.39693166,1.044221797402583,00:07:25,7.9,0.0,0.0,0,7.9,0,0,1,2016-03-11T15:28:59Z
2070457,331853,8100,2016-03-11T15:28:59Z,2016-03-11T15:34:34Z,2016-03-11,37.78834679,-122.41048227,37.78534644,-122.39655851,1.081931261617083,00:05:35,7.9,0.0,0.0,0,7.9,0,0,1,2016-03-11T15:55:02Z
2070627,331853,8100,2016-03-11T15:55:02Z,2016-03-11T16:02:06Z,2016-03-11,37.78858508,-122.41027169,37.78854528,-122.40124033,0.5153650163365806,00:07:04,6.8,0.0,0.0,0,6.8,0,0,1,2016-03-11T16:23:46Z
2071012,331853,8100,2016-03-11T16:23:46Z,2016-03-11T16:49:33Z,2016-03-11,37.78579504,-122.41087519,37.61700332,-122.38394533,14.056597211027922,00:25:47,43.65,0.0,0.0,0,43.65,0,0,1,2016-03-11T18:37:04Z
2072060,331853,8100,2016-03-11T18:37:04Z,2016-03-11T19:04:12Z,2016-03-11,37.61510366,-122.39008251,37.79466715,-122.39662682,14.42439555760511,00:27:08,45.85,0.0,7.68,4,57.53,0,0,1,2016-03-11T19:29:49Z
2072252,331853,8100,2016-03-11T19:29:49Z,2016-03-11T19:39:15Z,2016-03-11,37.7860987,-122.41081613,37.79403506,-122.40469608,0.8975046964952402,00:09:26,8.45,0.0,0.0,0,8.45,0,0,1,2016-03-11T19:55:06Z
2072471,331853,8100,2016-03-11T19:55:06Z,2016-03-11T20:17:40Z,2016-03-11,37.78609567,-122.41103734,37.61801037,-122.38587869,14.150209451057062,00:22:34,43.65,0.0,7.0,0,50.65,0,0,1,2016-03-11T22:05:59Z
2073191,331853,8100,2016-03-11T22:05:59Z,2016-03-11T22:27:04Z,2016-03-11,37.61523351,-122.39007919,37.78614017,-122.40139975,13.485453928253126,00:21:05,42.0,0.0,0.0,4,46.0,0,0,1,
2066310,163520,8098,2016-03-11T00:49:53Z,2016-03-11T00:54:31Z,2016-03-11,37.79242864,-122.40383342,37.78978693,-122.41257797,0.8501107314198789,00:04:37,6.25,0.0,3.0,0,9.25,1,0,1,2016-03-11T01:05:57Z
2066449,163520,8098,2016-03-11T01:05:57Z,2016-03-11T01:12:46Z,2016-03-11,37.7926309,-122.40344359,37.80034386,-122.40919008,0.9238098148284434,00:06:48,7.35,0.0,3.0,0,10.35,0,0,1,2016-03-11T01:14:29Z
2066485,163520,8098,2016-03-11T01:14:29Z,2016-03-11T01:16:01Z,2016-03-11,37.80035934,-122.40915038,37.80013825,-122.40388227,0.3339929700015835,00:01:31,4.05,0.0,0.08,0,4.13,0,0,1,2016-03-11T01:21:41Z
2066652,163520,8098,2016-03-11T01:21:41Z,2016-03-11T01:34:52Z,2016-03-11,37.7970277,-122.40624127,37.78155418,-122.42352139,1.9955637717962833,00:13:11,11.75,0.0,1.2,0,12.95,3,1,1,2016-03-11T01:42:51Z
2066820,163520,8098,2016-03-11T01:42:51Z,2016-03-11T01:54:22Z,2016-03-11,37.78497462,-122.41968323,37.77264106,-122.42262098,1.0974408898500176,00:11:31,9.55,0.0,0.0,0,9.55,0,0,1,2016-03-11T02:05:51Z
2066998,163520,8098,2016-03-11T02:05:51Z,2016-03-11T02:14:35Z,2016-03-11,37.79215981,-122.40746034,37.79302152,-122.40141439,0.3321061011329077,00:08:44,7.9,0.0,0.08,0,7.98,0,0,1,2016-03-11T02:21:42Z
2067245,163520,8098,2016-03-11T02:21:42Z,2016-03-11T02:42:47Z,2016-03-11,37.79215434,-122.40106882,37.76226683,-122.43522945,2.8872713299294412,00:21:04,17.25,0.0,3.45,0,20.7,1,1,1,2016-03-11T02:56:28Z
2067422,163520,8098,2016-03-11T02:56:28Z,2016-03-11T03:04:23Z,2016-03-11,37.7652247,-122.43544744,37.77695144,-122.4314798,1.239852234277249,00:07:54,8.45,0.0,1.69,0,10.14,1,1,1,2016-03-11T03:11:27Z
2067721,163520,8098,2016-03-11T03:11:27Z,2016-03-11T03:39:18Z,2016-03-11,37.77750916,-122.42651417,37.77691457,-122.42635497,1.6723956841480079,00:27:50,19.45,0.0,0.08,0,19.53,0,1,1,2016-03-11T03:56:28Z
2068028,163520,8098,2016-03-11T03:56:28Z,2016-03-11T04:21:40Z,2016-03-11,37.79247232,-122.40339807,37.73922873,-122.43294647,7.010345589804476,00:25:12,27.15,0.0,2.85,0,30.0,0,0,1,2016-03-11T04:41:51Z
2068379,163520,8098,2016-03-11T04:41:51Z,2016-03-11T05:09:02Z,2016-03-11,37.77527513,-122.44632867,37.61518701,-122.38484985,14.748611754034032,00:27:11,44.75,0.0,8.95,0,53.7,1,1,1,2016-03-11T05:42:37Z
2068700,163520,8098,2016-03-11T05:42:37Z,2016-03-11T05:57:52Z,2016-03-11,37.77452887,-122.40489732,37.77754884,-122.43843085,3.8154020714331134,00:15:15,16.15,0.0,3.23,0,19.38,1,1,1,2016-03-11T06:16:34Z
2068883,163520,8098,2016-03-11T06:16:34Z,2016-03-11T06:31:09Z,2016-03-11,37.76422276,-122.4219009,37.78691373,-122.4518777,3.237156103304449,00:14:34,14.5,0.0,2.9,0,17.4,1,1,1,2016-03-11T06:49:42Z
2069057,163520,8098,2016-03-11T06:49:42Z,2016-03-11T07:01:47Z,2016-03-11,37.79441856,-122.39471078,37.76533408,-122.42203247,2.646383498259719,00:12:05,12.85,0.0,0.09,0,12.94,0,0,1,2016-03-11T07:03:08Z
2069104,163520,8098,2016-03-11T07:03:08Z,2016-03-11T07:09:18Z,2016-03-11,37.76485493,-122.42195949,37.7542972,-122.43780064,1.7934583922416991,00:06:10,8.45,0.0,0.0,0,8.45,1,0,1,2016-03-11T07:29:41Z
2069243,163520,8098,2016-03-11T07:29:41Z,2016-03-11T07:39:34Z,2016-03-11,37.76408772,-122.42175161,37.80328966,-122.43007811,2.9856318410302616,00:09:53,12.3,0.0,0.08,0,12.38,0,0,1,2016-03-11T07:45:11Z
2069295,163520,8098,2016-03-11T07:45:11Z,2016-03-11T07:56:44Z,2016-03-11,37.8004441,-122.43898062,37.77753187,-122.42332947,2.3564173547507736,00:11:32,11.75,0.0,2.0,0,13.75,1,0,1,2016-03-11T08:24:12Z
2069450,163520,8098,2016-03-11T08:24:12Z,2016-03-11T08:41:02Z,2016-03-11,37.78785113,-122.40415207,37.63459571,-122.42111366,12.930587658031266,00:16:50,39.25,0.0,0.08,0,39.33,0,1,1,2016-03-11T09:11:51Z
2069546,163520,8098,2016-03-11T09:11:51Z,2016-03-11T09:16:32Z,2016-03-11,37.6170662,-122.38461706,37.58844581,-122.36121815,3.4027809561509765,00:04:40,12.85,0.0,0.0,0,12.85,1,0,1,2016-03-11T09:46:14Z
2069694,163520,8098,2016-03-11T09:46:14Z,2016-03-11T10:10:19Z,2016-03-11,37.61688411,-122.38431852,37.79981835,-122.42928746,15.641287929125422,00:24:05,46.95,0.0,6.0,0,52.95,1,0,1,2016-03-11T10:26:55Z
2069764,163520,8098,2016-03-11T10:26:55Z,2016-03-11T10:43:24Z,2016-03-11,37.77524522,-122.41940273,37.71868986,-122.44559539,5.335792097103,00:16:28,20.0,0.0,0.08,0,20.08,0,0,1,
2066477,228377,8093,2016-03-11T00:32:02Z,2016-03-11T01:12:21Z,2016-03-11,37.61749595,-122.38673356,37.7846849,-122.4042801,13.843471746634359,00:40:19,46.95,0.0,0.0,4,50.95,0,0,1,2016-03-11T01:16:40Z
2066830,228377,8093,2016-03-11T01:16:40Z,2016-03-11T01:55:05Z,2016-03-11,37.78364436,-122.40558773,37.80694469,-122.41344419,5.565726744494211,00:38:25,28.8,0.0,0.0,0,28.8,0,0,1,2016-03-11T01:58:45Z
2066923,228377,8093,2016-03-11T01:58:45Z,2016-03-11T02:06:12Z,2016-03-11,37.80576226,-122.41280069,37.79569194,-122.40997604,1.1096270317366788,00:07:26,7.9,0.0,1.58,0,9.48,1,1,1,2016-03-11T03:04:21Z
2067673,228377,8093,2016-03-11T03:04:21Z,2016-03-11T03:21:02Z,2016-03-11,37.61629425,-122.38818259,37.55733029,-122.31466044,9.200317990960688,00:16:41,30.45,0.0,0.0,4,34.45,0,0,1,2016-03-11T05:20:46Z
2068619,228377,8093,2016-03-11T05:20:46Z,2016-03-11T05:39:07Z,2016-03-11,37.61482979,-122.39571856,37.75800357,-122.39703046,11.212456262836156,00:18:20,34.85,0.0,0.0,4,38.85,0,0,1,2016-03-11T06:11:59Z
2068816,228377,8093,2016-03-11T06:11:59Z,2016-03-11T06:17:38Z,2016-03-11,37.61701386,-122.38772215,37.58929424,-122.38220424,3.195750269347695,00:05:39,11.75,0.0,0.0,4,15.75,0,0,1,2016-03-11T06:33:29Z
2069055,228377,8093,2016-03-11T06:33:29Z,2016-03-11T06:56:56Z,2016-03-11,37.61742077,-122.38464627,37.79279286,-122.40320688,15.231605280637485,00:23:26,45.85,0.0,0.0,4,49.85,0,0,1,2016-03-11T07:53:33Z
2069349,228377,8093,2016-03-11T07:53:33Z,2016-03-11T08:06:50Z,2016-03-11,37.61510525,-122.3902169,37.56249404,-122.27718512,10.42672632247411,00:13:16,31.55,0.0,0.0,4,35.55,0,0,1,2016-03-11T08:25:49Z
2069456,228377,8093,2016-03-11T08:25:49Z,2016-03-11T08:42:53Z,2016-03-11,37.61745899,-122.38691264,37.77538638,-122.41162303,12.976873743757219,00:17:04,39.8,0.0,0.0,4,43.8,0,0,1,2016-03-11T09:13:01Z
2069642,228377,8093,2016-03-11T09:13:01Z,2016-03-11T09:52:44Z,2016-03-11,37.61748245,-122.38707969,37.70853389,-121.90954232,38.48108101894063,00:39:43,110.2,0.0,0.0,63,173.2,0,0,1,
2066220,393381,722,2016-03-11T00:30:59Z,2016-03-11T00:38:41Z,2016-03-11,37.61763217,-122.38685609,37.60371038,-122.37628781,2.270686334488914,00:07:42,10.65,0.0,0.0,4,14.65,0,0,1,2016-03-11T01:26:16Z
2066931,393381,722,2016-03-11T01:26:16Z,2016-03-11T02:04:02Z,2016-03-11,37.61748337,-122.38436272,37.75679993,-122.42293149,15.057677173195517,00:37:46,47.5,0.0,0.0,4,51.5,0,0,1,2016-03-11T03:21:17Z
2067734,393381,722,2016-03-11T03:21:17Z,2016-03-11T03:36:41Z,2016-03-11,37.7850393,-122.40481843,37.7572319,-122.42119566,3.152200280013078,00:15:23,14.5,0.0,0.0,0,14.5,0,0,1,2016-03-11T05:31:38Z
2068810,393381,722,2016-03-11T05:31:38Z,2016-03-11T06:15:41Z,2016-03-11,37.61730075,-122.38447038,37.78605458,-122.4109246,23.514232051566342,00:44:03,70.6,0.0,0.0,4,74.6,0,0,1,2016-03-11T07:45:22Z
2069369,393381,722,2016-03-11T07:45:22Z,2016-03-11T08:14:17Z,2016-03-11,37.61755219,-122.38684838,37.38474136,-122.06452539,26.419586557479374,00:28:55,75.55,0.0,0.0,4,79.55,0,0,1,2016-03-11T09:26:46Z
2069589,393381,722,2016-03-11T09:26:46Z,2016-03-11T09:33:20Z,2016-03-11,37.6152954,-122.38508582,37.64430232,-122.40519889,3.3783123416386602,00:06:33,12.85,0.0,0.0,4,16.85,0,0,1,2016-03-11T10:12:51Z
2069736,393381,722,2016-03-11T10:12:51Z,2016-03-11T10:29:50Z,2016-03-11,37.61545574,-122.38491561,37.72265452,-122.44979711,12.036888404981172,00:16:59,36.5,0.0,1.0,4,41.5,0,0,1,2016-03-11T13:07:28Z
2070039,393381,722,2016-03-11T13:07:28Z,2016-03-11T13:28:22Z,2016-03-11,37.78595933,-122.41084235,37.6170199,-122.38394638,14.043120009685813,00:20:53,42.55,0.0,0.0,0,42.55,0,0,1,2016-03-11T13:56:53Z
2070151,393381,722,2016-03-11T13:56:53Z,2016-03-11T14:13:16Z,2016-03-11,37.76149306,-122.39456193,37.61684904,-122.38384585,12.245950684314547,00:16:22,37.05,0.0,7.41,0,44.46,1,1,1,2016-03-11T16:02:31Z
2070928,393381,722,2016-03-11T16:02:31Z,2016-03-11T16:41:09Z,2016-03-11,37.61549328,-122.384985,37.78219204,-122.40406313,14.1283886424005,00:38:38,45.85,0.0,0.0,4,49.85,0,0,1,2016-03-11T17:02:09Z
2071410,393381,722,2016-03-11T17:02:09Z,2016-03-11T17:36:18Z,2016-03-11,37.78598288,-122.41104788,37.77077867,-122.46863063,6.580926517469078,00:34:09,28.25,0.0,0.0,0,28.25,0,0,1,2016-03-11T18:04:04Z
2071836,393381,722,2016-03-11T18:04:04Z,2016-03-11T18:28:03Z,2016-03-11,37.76341368,-122.45798939,37.66970855,-122.47656216,8.106591826789016,00:23:58,28.25,0.0,0.0,0,28.25,0,1,1,2016-03-11T19:39:06Z
2072417,393381,722,2016-03-11T19:39:06Z,2016-03-11T20:03:01Z,2016-03-11,37.78633193,-122.41066567,37.61503138,-122.3897672,13.66406780556289,00:23:54,43.1,0.0,10.0,0,53.1,0,0,1,2016-03-11T22:58:27Z
2073493,393381,722,2016-03-11T22:58:27Z,2016-03-11T23:22:48Z,2016-03-11,37.6170645,-122.38440214,37.78836634,-122.40863921,14.069913001493985,00:24:20,44.2,0.0,0.0,4,48.2,0,0,1,2016-03-11T23:25:36Z
2073498,393381,722,2016-03-11T23:25:36Z,2016-03-11T23:25:39Z,2016-03-11,37.78756546,-122.40844472,37.78756989,-122.40845083,0.0,00:00:02,3.5,0.0,0.0,0,3.5,0,0,1,
2066484,391759,668,2016-03-11T00:25:19Z,2016-03-11T01:15:19Z,2016-03-11,37.6177829,-122.38650794,37.44115657,-122.16361745,22.57123573246344,00:49:59,67.85,0.0,11.0,44,122.85,1,0,1,2016-03-11T04:54:02Z
2068402,391759,668,2016-03-11T04:54:02Z,2016-03-11T05:12:09Z,2016-03-11,37.61540831,-122.3850763,37.74001204,-122.46282032,12.613614319559094,00:18:06,38.7,0.0,7.3,4,50.0,1,0,1,2016-03-11T06:47:30Z
2069052,391759,668,2016-03-11T06:47:30Z,2016-03-11T07:00:40Z,2016-03-11,37.61546846,-122.38498875,37.61343243,-122.40733906,6.5442995983781405,00:13:10,22.75,0.0,0.0,5,27.75,1,0,1,2016-03-11T07:18:06Z
2069230,391759,668,2016-03-11T07:18:06Z,2016-03-11T07:37:00Z,2016-03-11,37.61539761,-122.38487818,37.79178972,-122.40968851,14.437338768079094,00:18:53,43.65,0.0,0.0,5,48.65,0,0,1,2016-03-11T08:39:26Z
2069503,391759,668,2016-03-11T08:39:26Z,2016-03-11T08:56:13Z,2016-03-11,37.61533505,-122.38465306,37.78471275,-122.40872868,13.848121108033874,00:16:47,42.0,0.0,9.0,5,56.0,1,0,1,2016-03-11T19:22:01Z
2072166,391759,668,2016-03-11T19:22:01Z,2016-03-11T19:22:01Z,2016-03-11,37.6162052,-122.3865031,37.6162052,-122.3865031,0.0,00:00:00,3.5,0.0,0.0,0,3.5,0,0,1,2016-03-11T21:02:49Z
2072886,391759,668,2016-03-11T21:02:49Z,2016-03-11T21:26:48Z,2016-03-11,37.61528967,-122.38503239,37.79080545,-122.4186809,14.631244202066984,00:23:59,45.85,0.0,0.0,5,50.85,0,0,1,2016-03-11T23:26:23Z
2073716,391759,668,2016-03-11T23:26:23Z,2016-03-11T23:58:35Z,2016-03-11,37.6154817,-122.38488857,37.79239225,-122.41075542,14.39217891763864,00:32:11,48.05,0.0,10.0,5,63.05,1,0,1,
2066408,341866,54,2016-03-11T00:21:16Z,2016-03-11T01:07:06Z,2016-03-11,37.61765784,-122.38680025,37.78729633,-122.40907041,14.185795087955157,00:45:50,50.8,0.0,0.0,4,54.8,0,0,1,2016-03-11T01:14:35Z
2066714,341866,54,2016-03-11T01:14:35Z,2016-03-11T01:40:22Z,2016-03-11,37.78877058,-122.40434508,37.71198029,-122.39893117,6.208108656731516,00:25:46,26.6,0.0,0.0,0,26.6,0,0,1,2016-03-11T02:43:59Z
2067604,341866,54,2016-03-11T02:43:59Z,2016-03-11T03:26:05Z,2016-03-11,37.61745343,-122.38702125,37.76600445,-122.43328989,13.294101941507359,00:42:06,46.95,0.0,9.1,4,60.05,0,0,1,2016-03-11T03:44:00Z
2067813,341866,54,2016-03-11T03:44:00Z,2016-03-11T03:51:38Z,2016-03-11,37.76872352,-122.42796995,37.76131592,-122.42240634,1.0448342181794639,00:07:37,8.45,0.0,1.69,0,10.14,1,1,1,2016-03-11T04:02:28Z
2067917,341866,54,2016-03-11T04:02:28Z,2016-03-11T04:06:18Z,2016-03-11,37.76986805,-122.40326239,37.76260056,-122.39670057,0.8256828488814522,00:03:50,6.25,0.0,1.25,0,7.5,1,1,1,2016-03-11T04:22:44Z
2068127,341866,54,2016-03-11T04:22:44Z,2016-03-11T04:31:23Z,2016-03-11,37.78398781,-122.40822245,37.77652473,-122.39566441,1.4245125721058476,00:08:38,9.55,0.0,0.0,0,9.55,0,0,1,2016-03-11T04:40:50Z
2068275,341866,54,2016-03-11T04:40:50Z,2016-03-11T04:54:18Z,2016-03-11,37.78589416,-122.40583699,37.78152971,-122.45886135,3.233156633063754,00:13:27,14.5,0.0,0.0,0,14.5,0,0,1,2016-03-11T05:01:38Z
2068389,341866,54,2016-03-11T05:01:38Z,2016-03-11T05:10:49Z,2016-03-11,37.7861233,-122.45642685,37.77230635,-122.4373252,2.0951477591333045,00:09:10,10.65,0.0,2.13,0,12.78,1,1,1,2016-03-11T05:38:13Z
2068580,341866,54,2016-03-11T05:38:13Z,2016-03-11T05:38:13Z,2016-03-11,37.7841764,-122.41112406,37.78417977,-122.41111596,0.0,00:00:00,3.5,0.0,0.0,0,3.5,0,1,1,2016-03-11T05:54:50Z
2068763,341866,54,2016-03-11T05:54:50Z,2016-03-11T06:06:00Z,2016-03-11,37.78854777,-122.40367596,37.80302767,-122.43434117,2.3825829072888984,00:11:09,12.3,0.0,1.7,0,14.0,0,0,1,2016-03-11T06:12:42Z
2068828,341866,54,2016-03-11T06:12:42Z,2016-03-11T06:21:09Z,2016-03-11,37.80009323,-122.44126357,37.7993596,-122.41820651,1.8170586647855078,00:08:27,9.55,0.0,0.0,0,9.55,0,0,1,2016-03-11T06:27:58Z
2068936,341866,54,2016-03-11T06:27:58Z,2016-03-11T06:39:37Z,2016-03-11,37.79771126,-122.42213692,37.78771273,-122.46475061,3.130218060480469,00:11:39,13.95,0.0,2.79,0,16.74,1,1,1,2016-03-11T06:51:15Z
2069044,341866,54,2016-03-11T06:51:15Z,2016-03-11T06:57:51Z,2016-03-11,37.76364009,-122.48361175,37.77522209,-122.46669675,1.8194965151408398,00:06:35,9.55,0.0,1.0,0,10.55,3,1,1,2016-03-11T07:05:11Z
2069137,341866,54,2016-03-11T07:05:11Z,2016-03-11T07:16:10Z,2016-03-11,37.76933982,-122.45205903,37.78179739,-122.40749251,2.907852126837125,00:10:59,12.85,0.0,2.57,0,15.42,1,1,1,2016-03-11T07:20:08Z
2069192,341866,54,2016-03-11T07:20:08Z,2016-03-11T07:28:26Z,2016-03-11,37.78282175,-122.41362261,37.76478134,-122.42995044,1.8419311098918438,00:08:17,10.1,0.0,0.0,0,10.1,0,1,1,2016-03-11T08:30:35Z
2069505,341866,54,2016-03-11T08:30:35Z,2016-03-11T08:56:03Z,2016-03-11,37.61767572,-122.38675353,37.80998274,-122.24345318,23.60680179578703,00:25:28,67.85,0.0,14.0,4,85.85,0,0,1,2016-03-11T09:32:06Z
2069633,341866,54,2016-03-11T09:32:06Z,2016-03-11T09:49:08Z,2016-03-11,37.61764669,-122.38688459,37.78602898,-122.41090098,13.629336554053797,00:17:02,41.45,0.0,0.0,4,45.45,0,0,1,2016-03-11T21:59:21Z
2073183,341866,54,2016-03-11T21:59:21Z,2016-03-11T22:27:04Z,2016-03-11,37.61540951,-122.38498287,37.78929527,-122.4069552,14.426496326224937,00:27:42,48.05,0.0,0.0,4,52.05,0,0,1,2016-03-11T23:01:50Z
2073417,341866,54,2016-03-11T23:01:50Z,2016-03-11T23:11:07Z,2016-03-11,37.78878432,-122.41208123,37.77037223,-122.42556123,1.6516229842720918,00:09:17,10.1,0.0,1.05,0,11.15,3,1,1,2016-03-11T23:13:45Z
2073536,341866,54,2016-03-11T23:13:45Z,2016-03-11T23:30:37Z,2016-03-11,37.76863412,-122.4277021,37.78249069,-122.39659261,2.836983953539379,00:16:52,15.05,0.0,0.0,0,15.05,0,0,1,
2066279,410651,514,2016-03-11T00:18:43Z,2016-03-11T00:50:42Z,2016-03-11,37.61544114,-122.38498384,37.76696392,-122.39079497,12.496738281913844,00:31:58,42.0,0.0,6.0,4,52.0,1,0,1,2016-03-11T01:11:26Z
2066650,410651,514,2016-03-11T01:11:26Z,2016-03-11T01:35:46Z,2016-03-11,37.78309848,-122.38916167,37.79273528,-122.41943669,2.691177140190043,00:24:20,18.9,0.0,3.78,0,22.68,1,1,1,2016-03-11T01:39:07Z
2066858,410651,514,2016-03-11T01:39:07Z,2016-03-11T01:58:42Z,2016-03-11,37.79183956,-122.41820445,37.78065759,-122.47499712,3.530606233824008,00:19:35,17.8,0.0,0.0,0,17.8,0,0,1,2016-03-11T02:06:54Z
2067001,410651,514,2016-03-11T02:06:54Z,2016-03-11T02:14:34Z,2016-03-11,37.78708173,-122.45569937,37.78064301,-122.47622211,1.5090692675636856,00:07:39,9.0,0.0,0.9,0,9.9,3,1,1,2016-03-11T02:22:17Z
2067295,410651,514,2016-03-11T02:22:17Z,2016-03-11T02:50:57Z,2016-03-11,37.78084265,-122.47152403,37.75626996,-122.41886151,4.972184061821082,00:28:40,23.85,0.0,4.77,0,28.62,1,1,1,2016-03-11T04:11:09Z
2068165,410651,514,2016-03-11T04:11:09Z,2016-03-11T04:39:09Z,2016-03-11,37.61762779,-122.38683654,37.78726396,-122.40916666,14.172683184911469,00:28:00,45.85,0.0,8.0,4,57.85,1,0,1,2016-03-11T04:59:57Z
2068384,410651,514,2016-03-11T04:59:57Z,2016-03-11T05:10:01Z,2016-03-11,37.78757636,-122.40815247,37.7631372,-122.39757063,2.7278198362839023,00:10:03,11.75,0.0,0.0,0,11.75,0,0,1,2016-03-11T06:41:28Z
2069051,410651,514,2016-03-11T06:41:28Z,2016-03-11T06:59:36Z,2016-03-11,37.61769074,-122.3866546,37.7901543,-122.40909139,13.998006276638515,00:18:08,42.0,0.0,9.0,4,55.0,1,0,1,2016-03-11T08:14:14Z
2069415,410651,514,2016-03-11T08:14:14Z,2016-03-11T08:30:15Z,2016-03-11,37.61744588,-122.38686967,37.78174804,-122.4224573,13.434766058711968,00:16:00,40.9,0.0,0.0,4,44.9,0,0,1,2016-03-11T08:58:21Z
2069580,410651,514,2016-03-11T08:58:21Z,2016-03-11T09:30:32Z,2016-03-11,37.61544837,-122.38487026,37.35001637,-122.02384101,30.734487631207344,00:32:11,89.3,0.0,0.0,4,93.3,0,0,1,
2066113,432998,471,2016-03-11T00:13:32Z,2016-03-11T00:25:51Z,2016-03-11,37.78765166,-122.40828831,37.8061863,-122.40463656,2.2442581858733104,00:12:18,11.75,0.0,3.0,0,14.75,1,0,1,2016-03-11T00:39:41Z
2066555,432998,471,2016-03-11T00:39:41Z,2016-03-11T01:24:29Z,2016-03-11,37.80589201,-122.41780171,37.61751924,-122.38501332,15.53280282980339,00:44:48,53.0,0.0,0.0,0,53.0,1,0,1,2016-03-11T02:21:39Z
2067370,432998,471,2016-03-11T02:21:39Z,2016-03-11T02:57:28Z,2016-03-11,37.61749538,-122.38695029,37.78470861,-122.40859235,13.533656313026281,00:35:48,44.2,0.0,10.0,4,58.2,1,0,1,2016-03-11T02:59:21Z
2067451,432998,471,2016-03-11T02:59:21Z,2016-03-11T03:07:38Z,2016-03-11,37.78470699,-122.40849297,37.7877166,-122.42685111,1.3285606328837831,00:08:17,9.0,0.0,2.0,0,11.0,1,0,1,2016-03-11T03:15:41Z
2067571,432998,471,2016-03-11T03:15:41Z,2016-03-11T03:23:05Z,2016-03-11,37.79210409,-122.40996387,37.78287489,-122.41905301,1.1460069042001328,00:07:24,7.9,0.0,0.0,0,7.9,0,0,1,2016-03-11T03:26:51Z
2067669,432998,471,2016-03-11T03:26:51Z,2016-03-11T03:33:47Z,2016-03-11,37.78471565,-122.41445477,37.7873344,-122.40148556,1.0503210502004239,00:06:56,7.35,0.0,1.47,0,8.82,1,1,1,2016-03-11T03:35:00Z
2067783,432998,471,2016-03-11T03:35:00Z,2016-03-11T03:46:22Z,2016-03-11,37.78702644,-122.40275219,37.76812422,-122.42448246,2.1622479593678436,00:11:22,11.75,0.0,0.0,0,11.75,0,0,1,2016-03-11T05:32:08Z
2068698,432998,471,2016-03-11T05:32:08Z,2016-03-11T05:56:42Z,2016-03-11,37.61537423,-122.38487582,37.76486951,-122.46318473,14.865344585037375,00:24:34,45.3,0.0,0.0,4,49.3,1,0,1,2016-03-11T06:02:21Z
2068852,432998,471,2016-03-11T06:02:21Z,2016-03-11T06:23:40Z,2016-03-11,37.76323457,-122.45796101,37.79743834,-122.3984456,5.3081689922180155,00:21:18,21.1,0.0,0.0,0,21.1,0,1,1,2016-03-11T06:28:50Z
2068919,432998,471,2016-03-11T06:28:50Z,2016-03-11T06:37:37Z,2016-03-11,37.79795494,-122.40077363,37.78805378,-122.43387074,2.274734197652033,00:08:46,10.65,0.0,2.13,0,12.78,1,1,1,2016-03-11T06:40:14Z
2068939,432998,471,2016-03-11T06:40:14Z,2016-03-11T06:40:18Z,2016-03-11,37.79037542,-122.42256981,37.79037627,-122.42257282,0.0,00:00:03,3.5,0.0,0.0,0,3.5,0,0,1,2016-03-11T06:44:05Z
2068986,432998,471,2016-03-11T06:44:05Z,2016-03-11T06:47:43Z,2016-03-11,37.78959377,-122.42204484,37.78702167,-122.42584459,0.6076943508901484,00:03:37,5.7,0.0,1.14,0,6.84,1,1,1,2016-03-11T06:50:04Z
2069024,432998,471,2016-03-11T06:50:04Z,2016-03-11T06:54:27Z,2016-03-11,37.78852653,-122.42175016,37.7921843,-122.40113789,1.2246357700649542,00:04:22,6.8,0.0,0.0,0,6.8,0,0,1,2016-03-11T08:24:16Z
2069471,432998,471,2016-03-11T08:24:16Z,2016-03-11T08:46:56Z,2016-03-11,37.61746754,-122.38715117,37.44116989,-122.16362403,22.540669609725718,00:22:40,65.1,0.0,15.0,4,84.1,1,0,1,2016-03-11T09:28:52Z
2069622,432998,471,2016-03-11T09:28:52Z,2016-03-11T09:45:55Z,2016-03-11,37.61767701,-122.38670287,37.74281462,-122.43111691,12.38352008171525,00:17:03,37.6,0.0,0.0,4,41.6,1,0,1,
2066593,84594,45,2016-03-11T01:28:53Z,2016-03-11T01:28:59Z,2016-03-11,37.6936473,-121.7740399,37.6936473,-121.7740399,0.0,00:00:06,70.0,0.0,0.0,0,70.0,0,2,1,2016-03-11T02:06:50Z
2066930,84594,45,2016-03-11T02:06:50Z,2016-03-11T02:06:56Z,2016-03-11,37.6810578,-121.7290382,37.6810578,-121.7290379,0.0,00:00:06,20.5,0.0,0.0,0,20.5,0,2,1,2016-03-11T16:00:14Z
2070612,84594,45,2016-03-11T16:00:14Z,2016-03-11T16:00:20Z,2016-03-11,37.5607596,-121.9636316,37.560754,-121.9636307,0.0,00:00:05,40.0,0.0,0.0,0,40.0,0,2,1,2016-03-11T16:43:19Z
2070938,84594,45,2016-03-11T16:43:19Z,2016-03-11T16:43:46Z,2016-03-11,37.6753571,-121.868179,37.6753467,-121.8681796,0.0,00:00:26,11.25,0.0,0.0,0,11.25,0,2,1,2016-03-11T17:12:48Z
2071207,84594,45,2016-03-11T17:12:48Z,2016-03-11T17:12:55Z,2016-03-11,37.6905423,-121.926829,37.6905374,-121.9268171,0.0,00:00:06,17.75,0.0,0.0,0,17.75,0,2,1,2016-03-11T20:16:47Z
2072461,84594,45,2016-03-11T20:16:47Z,2016-03-11T20:16:56Z,2016-03-11,37.6570455,-121.8588576,37.6564844,-121.8590627,0.0,00:00:08,95.0,0.0,0.0,0,95.0,0,2,1,2016-03-11T20:49:54Z
2072659,84594,45,2016-03-11T20:49:54Z,2016-03-11T20:49:58Z,2016-03-11,37.723306,-121.9431331,37.7233063,-121.9431322,0.0,00:00:04,24.5,0.0,0.0,0,24.5,0,2,1,2016-03-11T22:57:35Z
2073340,84594,45,2016-03-11T22:57:35Z,2016-03-11T22:57:54Z,2016-03-11,37.8915039,-121.2763374,37.89125,-121.2775434,0.0,00:00:19,108.75,0.0,0.0,0,108.75,0,2,1,
2066541,112660,427,2016-03-11T01:21:47Z,2016-03-11T01:23:20Z,2016-03-11,32.7607421,-117.1887872,32.7607462,-117.188778,0.0,00:01:32,470.07,0.0,0.0,0,470.07,0,2,1,2016-03-11T03:52:27Z
2067877,112660,427,2016-03-11T03:52:27Z,2016-03-11T04:00:24Z,2016-03-11,32.729291,-117.1710515,32.7280028,-117.1955985,0.0,00:07:56,470.07,0.0,0.0,0,470.07,0,2,1,
2066511,178217,353,2016-03-11T00:37:31Z,2016-03-11T01:19:10Z,2016-03-11,37.61757591,-122.38651039,37.7687318,-122.43125565,13.22862495215036,00:41:38,45.85,0.0,0.0,4,49.85,1,0,1,2016-03-11T01:30:18Z
2066760,178217,353,2016-03-11T01:30:18Z,2016-03-11T01:48:07Z,2016-03-11,37.77606151,-122.42547682,37.80137295,-122.40180324,3.1369241969339727,00:17:49,16.15,0.0,3.23,0,19.38,1,1,1,2016-03-11T02:00:58Z
2066978,178217,353,2016-03-11T02:00:58Z,2016-03-11T02:12:16Z,2016-03-11,37.79092571,-122.39623897,37.78859424,-122.40593057,1.0435935237718046,00:11:18,10.1,0.0,2.02,0,12.12,1,1,1,2016-03-11T02:25:03Z
2067329,178217,353,2016-03-11T02:25:03Z,2016-03-11T02:53:39Z,2016-03-11,37.79684151,-122.39830402,37.77104815,-122.46818549,5.5763798623133045,00:28:35,24.95,0.0,4.99,0,29.94,1,1,1,2016-03-11T02:59:35Z
2067507,178217,353,2016-03-11T02:59:35Z,2016-03-11T03:15:27Z,2016-03-11,37.76414037,-122.4646617,37.79027858,-122.42331487,3.7921947069428397,00:15:51,16.15,0.0,0.0,0,16.15,0,0,1,2016-03-11T03:31:10Z
2067762,178217,353,2016-03-11T03:31:10Z,2016-03-11T03:44:12Z,2016-03-11,37.787139,-122.40118276,37.76172356,-122.42390079,2.409618167113092,00:13:01,12.3,0.0,0.0,0,12.3,2,1,1,2016-03-11T05:44:16Z
2068754,178217,353,2016-03-11T05:44:16Z,2016-03-11T06:05:52Z,2016-03-11,37.61738642,-122.38713646,37.79176696,-122.40732098,14.316124054630329,00:21:35,43.1,0.0,0.0,4,47.1,0,0,1,2016-03-11T06:17:23Z
2068929,178217,353,2016-03-11T06:17:23Z,2016-03-11T06:37:55Z,2016-03-11,37.79736341,-122.40350352,37.85700218,-122.49315992,8.492730939262882,00:20:31,28.8,0.0,7.0,7,42.8,1,1,1,2016-03-11T06:51:42Z
2069038,178217,353,2016-03-11T06:51:42Z,2016-03-11T06:55:35Z,2016-03-11,37.79717707,-122.43563418,37.78586915,-122.43330609,0.776861444296539,00:03:52,5.7,0.0,0.0,0,5.7,0,0,1,2016-03-11T08:13:02Z
2069385,178217,353,2016-03-11T08:13:02Z,2016-03-11T08:19:27Z,2016-03-11,37.61543603,-122.3902981,37.65714802,-122.41000462,3.727543279604117,00:06:25,13.4,0.0,0.0,4,17.4,0,0,1,2016-03-11T08:30:31Z
2069473,178217,353,2016-03-11T08:30:31Z,2016-03-11T08:48:25Z,2016-03-11,37.61771488,-122.38648923,37.77820715,-122.44891783,15.002651841466454,00:17:53,43.65,0.0,0.0,4,47.65,0,0,1,2016-03-11T09:39:17Z
2069657,178217,353,2016-03-11T09:39:17Z,2016-03-11T09:59:17Z,2016-03-11,37.61723416,-122.38448483,37.79054206,-122.43561883,14.998614142334063,00:19:59,44.75,0.0,0.0,4,48.75,0,0,1,
2066245,377402,33,2016-03-10T20:10:29Z,2016-03-11T00:44:21Z,2016-03-11,37.7798639,-121.9688,37.7801805,-121.9682907,0.0,04:33:52,250.0,0.0,0.0,0,250.0,0,2,1,2016-03-11T12:58:03Z
2070058,377402,33,2016-03-11T12:58:03Z,2016-03-11T13:39:52Z,2016-03-11,37.76383076,-121.94891907,37.61553698,-122.38973308,0.0,00:41:48,100.0,0.0,0.0,0,100.0,0,2,1,2016-03-11T14:38:53Z
2070607,377402,33,2016-03-11T14:38:53Z,2016-03-11T15:59:26Z,2016-03-11,37.6787247,-121.87255573,37.6212282,-122.3920751,0.0,01:20:33,125.25,0.0,0.0,0,125.25,0,2,1,2016-03-11T16:53:52Z
2071084,377402,33,2016-03-11T16:53:52Z,2016-03-11T16:59:28Z,2016-03-11,37.70519717,-121.87952539,37.6994555,-121.88155458,0.0,00:05:36,7.25,0.0,0.0,0,7.25,0,2,1,2016-03-11T17:48:07Z
2071546,377402,33,2016-03-11T17:48:07Z,2016-03-11T17:53:22Z,2016-03-11,37.71135569,-121.91033186,37.70581718,-121.88672371,0.0,00:05:15,9.75,0.0,0.0,0,9.75,0,2,1,2016-03-11T18:11:21Z
2072028,377402,33,2016-03-11T18:11:21Z,2016-03-11T19:00:01Z,2016-03-11,37.78827698,-121.97116108,37.6178619,-122.3863041,0.0,00:48:39,105.0,0.0,0.0,0,105.0,0,2,1,
2066185,80336,314,2016-03-10T23:49:06Z,2016-03-11T00:34:36Z,2016-03-11,37.61738251,-122.38446142,37.78752938,-122.41379718,14.3260623528555,00:45:29,53.0,0.0,0.0,4,57.0,0,0,1,2016-03-11T00:45:08Z
2066295,80336,314,2016-03-11T00:45:08Z,2016-03-11T00:53:02Z,2016-03-11,37.78982997,-122.4171572,37.77888416,-122.41509162,0.7619385992107373,00:07:53,7.9,0.0,0.0,0,7.9,0,1,1,2016-03-11T00:57:41Z
2066385,80336,314,2016-03-11T00:57:41Z,2016-03-11T01:05:30Z,2016-03-11,37.78544584,-122.41586784,37.77696321,-122.42321008,1.1927037229588837,00:07:49,8.45,0.0,1.69,0,10.14,1,1,1,2016-03-11T01:13:19Z
2066524,80336,314,2016-03-11T01:13:19Z,2016-03-11T01:21:00Z,2016-03-11,37.77888886,-122.41485278,37.7869603,-122.42672581,1.2877167029541698,00:07:40,8.45,0.0,0.0,0,8.45,0,1,1,2016-03-11T01:57:46Z
2066960,80336,314,2016-03-11T01:57:46Z,2016-03-11T02:09:27Z,2016-03-11,37.79256473,-122.39226145,37.77680251,-122.41096859,1.531418605818131,00:11:41,10.65,0.0,4.35,0,15.0,0,1,1,2016-03-11T02:59:48Z
2067496,80336,314,2016-03-11T02:59:48Z,2016-03-11T03:14:26Z,2016-03-11,37.78351386,-122.40551523,37.74621931,-122.41252085,2.9811878840726327,00:14:38,13.95,0.0,2.79,0,16.74,1,1,1,2016-03-11T04:41:46Z
2068430,80336,314,2016-03-11T04:41:46Z,2016-03-11T05:14:15Z,2016-03-11,37.61711884,-122.38446709,37.79365774,-122.42586175,14.478094407473126,00:32:29,46.95,0.0,0.0,4,50.95,0,0,1,2016-03-11T05:16:08Z
2068440,80336,314,2016-03-11T05:16:08Z,2016-03-11T05:16:12Z,2016-03-11,37.79368113,-122.42585791,37.79368116,-122.42585794,0.0,00:00:03,3.5,0.0,0.0,0,3.5,0,0,1,2016-03-11T05:27:25Z
2068577,80336,314,2016-03-11T05:27:25Z,2016-03-11T05:37:14Z,2016-03-11,37.79137411,-122.39767782,37.8004497,-122.42485975,2.298300185554877,00:09:48,11.2,0.0,0.0,0,11.2,0,1,1,2016-03-11T05:49:17Z
2068842,80336,314,2016-03-11T05:49:17Z,2016-03-11T06:22:37Z,2016-03-11,37.79108107,-122.40036681,37.90612403,-122.06572664,22.658213135956125,00:33:20,68.4,0.0,0.0,38,106.6,0,1,1,2016-03-11T08:01:31Z
2069392,80336,314,2016-03-11T08:01:31Z,2016-03-11T08:22:12Z,2016-03-11,37.61529467,-122.39033289,37.76432694,-122.45118012,14.679667464881048,00:20:40,44.2,0.0,0.0,4,48.2,0,0,1,2016-03-11T09:27:03Z
2069618,80336,314,2016-03-11T09:27:03Z,2016-03-11T09:44:27Z,2016-03-11,37.61521992,-122.38528042,37.77918793,-122.43857603,14.649739703953859,00:17:23,43.1,0.0,0.0,4,47.1,0,0,1,2016-03-11T10:01:09Z
2069666,80336,314,2016-03-11T10:01:09Z,2016-03-11T10:03:27Z,2016-03-11,37.78473021,-122.41449559,37.79110382,-122.41727433,0.5073284158458116,00:02:18,5.15,0.0,0.0,0,5.15,0,0,1,2016-03-11T18:19:43Z
2071824,80336,314,2016-03-11T18:19:43Z,2016-03-11T18:28:26Z,2016-03-11,37.7751418,-122.43687545,37.7878673,-122.41842314,1.8178802825530547,00:08:43,10.1,0.0,2.02,0,12.12,1,1,1,2016-03-11T23:04:58Z
2073515,80336,314,2016-03-11T23:04:58Z,2016-03-11T23:28:10Z,2016-03-11,37.61531192,-122.39021324,37.49562593,-122.26335809,12.87826990272672,00:23:11,40.35,0.0,0.0,4,44.35,0,0,1,
2066254,433088,287,2016-03-10T23:55:04Z,2016-03-11T00:42:01Z,2016-03-11,37.61762923,-122.38683711,37.78497027,-122.40491695,18.586129501917046,00:46:57,63.45,0.0,0.0,4,67.45,0,0,1,2016-03-11T04:18:15Z
2068439,433088,287,2016-03-11T04:18:15Z,2016-03-11T05:13:33Z,2016-03-11,37.61707461,-122.38420566,37.90152472,-122.28079655,27.37663448236917,00:55:18,85.45,0.0,0.0,4,89.45,0,0,1,2016-03-11T07:04:22Z
2069155,433088,287,2016-03-11T07:04:22Z,2016-03-11T07:21:36Z,2016-03-11,37.61486581,-122.38496509,37.78287929,-122.39053059,13.690170773463626,00:17:13,42.0,0.0,0.0,4,46.0,0,0,1,2016-03-11T07:40:04Z
2069314,433088,287,2016-03-11T07:40:04Z,2016-03-11T07:50:45Z,2016-03-11,37.61756517,-122.38699681,37.55035491,-122.33482103,10.119205321672595,00:10:41,31.55,0.0,0.0,4,35.55,0,0,1,2016-03-11T08:07:34Z
2069383,433088,287,2016-03-11T08:07:34Z,2016-03-11T08:19:09Z,2016-03-11,37.61762296,-122.38689606,37.73704944,-122.42923588,11.751391484762399,00:11:34,35.95,0.0,0.0,4,39.95,0,0,1,2016-03-11T08:46:13Z
2069549,433088,287,2016-03-11T08:46:13Z,2016-03-11T09:16:47Z,2016-03-11,37.61763312,-122.38682925,37.45310285,-122.43665631,21.84427044499557,00:30:34,65.65,0.0,0.0,4,69.65,0,0,1,2016-03-11T10:08:23Z
2069734,433088,287,2016-03-11T10:08:23Z,2016-03-11T10:27:17Z,2016-03-11,37.61760177,-122.38454242,37.79146006,-122.40575409,14.332355390784782,00:18:54,44.2,0.0,0.0,0,44.2,0,0,1,2016-03-11T10:40:33Z
2069779,433088,287,2016-03-11T10:40:33Z,2016-03-11T10:55:15Z,2016-03-11,37.78725589,-122.40967519,37.79339129,-122.41284244,3.1359353420284157,00:14:41,15.05,0.0,0.0,0,15.05,0,0,1,2016-03-11T11:10:49Z
2069818,433088,287,2016-03-11T11:10:49Z,2016-03-11T11:22:55Z,2016-03-11,37.78197006,-122.4044325,37.72092377,-122.46635196,7.70168191658552,00:12:05,24.95,0.0,0.0,0,24.95,0,0,1,
2067215,366244,2121,2016-03-11T02:39:20Z,2016-03-11T02:39:31Z,2016-03-11,0.0,0.0,0.0,0.0,0.0,00:00:10,3.5,0.0,0.0,0,3.5,0,0,1,2016-03-11T02:41:25Z
2067585,366244,2121,2016-03-11T02:41:25Z,2016-03-11T03:25:30Z,2016-03-11,37.6164323,-122.3860923,37.6175597,-122.3869031,0.08279642186741504,00:44:05,18.9,0.0,0.0,4,22.9,0,0,1,2016-03-11T03:25:38Z
2067672,366244,2121,2016-03-11T03:25:38Z,2016-03-11T03:31:43Z,2016-03-11,37.6175596,-122.3869028,37.6024933,-122.3708456,2.5826089081987695,00:06:04,10.65,0.0,0.0,4,14.65,0,0,1,2016-03-11T03:39:08Z
2067916,366244,2121,2016-03-11T03:39:08Z,2016-03-11T04:05:39Z,2016-03-11,37.6163382,-122.3859006,37.7290832,-122.4454996,11.79455485371678,00:26:30,40.9,0.0,6.0,4,50.9,1,0,1,2016-03-11T04:21:34Z
2068278,366244,2121,2016-03-11T04:21:34Z,2016-03-11T04:54:27Z,2016-03-11,37.6162488,-122.3860317,37.7478761,-122.5007355,14.346400123237407,00:32:52,49.15,0.0,8.0,4,61.15,1,0,1,2016-03-11T06:15:33Z
2069015,366244,2121,2016-03-11T06:15:33Z,2016-03-11T06:53:12Z,2016-03-11,37.6164282,-122.3861558,37.6204109,-122.4112621,4.152731687925234,00:37:38,31.0,0.0,0.0,4,35.0,1,0,1,2016-03-11T07:00:01Z
2069148,366244,2121,2016-03-11T07:00:01Z,2016-03-11T07:20:02Z,2016-03-11,37.6175967,-122.3993104,37.6040716,-122.3760045,4.291370280677797,00:20:00,21.65,0.0,0.0,4,25.65,0,0,1,2016-03-11T07:20:42Z
2069283,366244,2121,2016-03-11T07:20:42Z,2016-03-11T07:50:59Z,2016-03-11,37.6047576,-122.3769726,37.7575738,-122.4847912,17.667355318035707,00:30:17,54.65,0.0,10.0,4,68.65,1,0,1,2016-03-11T08:33:27Z
2069506,366244,2121,2016-03-11T08:33:27Z,2016-03-11T08:57:58Z,2016-03-11,37.6164646,-122.3860264,37.6852183,-122.4644397,9.047900006579281,00:24:30,35.95,0.0,0.0,4,39.95,0,0,1,2016-03-11T09:28:02Z
2069679,366244,2121,2016-03-11T09:28:02Z,2016-03-11T10:06:47Z,2016-03-11,37.6157471,-122.3847447,37.3371603,-122.080427,30.51416057178775,00:38:44,92.6,0.0,10.0,51,153.6,1,0,1,2016-03-11T16:20:54Z
2070800,366244,2121,2016-03-11T16:20:54Z,2016-03-11T16:27:07Z,2016-03-11,37.7301992,-122.394351,37.7366239,-122.3939542,0.7930591925799892,00:06:12,7.35,0.0,0.75,0,8.1,3,1,1,2016-03-11T16:42:45Z
2071078,366244,2121,2016-03-11T16:42:45Z,2016-03-11T16:58:52Z,2016-03-11,37.7502665,-122.4214469,37.7758867,-122.3980881,3.0014194630887188,00:16:07,15.05,0.0,3.01,0,18.06,1,1,1,2016-03-11T17:15:39Z
2071373,366244,2121,2016-03-11T17:15:39Z,2016-03-11T17:31:56Z,2016-03-11,37.773401,-122.4026863,37.7807371,-122.4642324,3.9768636159316797,00:16:16,16.7,0.0,0.0,0,16.7,0,1,1,2016-03-11T17:40:55Z
2071513,366244,2121,2016-03-11T17:40:55Z,2016-03-11T17:50:14Z,2016-03-11,37.7728664,-122.439583,37.7752964,-122.4842791,2.917803774834,00:09:19,12.3,0.0,2.46,0,14.76,1,1,1,2016-03-11T17:56:22Z
2071719,366244,2121,2016-03-11T17:56:22Z,2016-03-11T18:11:41Z,2016-03-11,37.7612886,-122.5038878,37.7789136,-122.440287,4.431658783851304,00:15:19,17.25,0.0,0.0,0,17.25,0,1,1,2016-03-11T18:24:18Z
2071997,366244,2121,2016-03-11T18:24:18Z,2016-03-11T18:54:53Z,2016-03-11,37.7894951,-122.4364943,37.6161049,-122.3902232,14.985187912847547,00:30:34,48.05,0.0,0.0,0,48.05,0,1,1,2016-03-11T19:15:00Z
2072158,366244,2121,2016-03-11T19:15:00Z,2016-03-11T19:21:03Z,2016-03-11,37.7522922,-122.4182997,37.7507084,-122.4339838,1.0398898723358945,00:06:02,7.35,0.0,0.0,0,7.35,0,0,1,2016-03-11T19:31:40Z
2072368,366244,2121,2016-03-11T19:31:40Z,2016-03-11T19:58:31Z,2016-03-11,37.7569885,-122.4357892,37.6177913,-122.3872597,13.38967538436125,00:26:50,43.1,0.0,0.0,0,43.1,0,1,1,2016-03-11T20:11:47Z
2072519,366244,2121,2016-03-11T20:11:47Z,2016-03-11T20:25:00Z,2016-03-11,37.7543323,-122.4050734,37.6148021,-122.3861279,11.12295089802914,00:13:12,33.75,0.0,7.25,4,45.0,1,0,1,
2065979,118642,1610,2016-03-10T23:44:31Z,2016-03-11T00:05:41Z,2016-03-11,37.78765261,-122.41377602,37.7754069,-122.40666425,1.9742742233727246,00:21:09,16.15,0.0,3.0,0,19.15,1,0,1,2016-03-11T00:20:28Z
2066152,118642,1610,2016-03-11T00:20:28Z,2016-03-11T00:31:36Z,2016-03-11,37.78693308,-122.41239409,37.80835304,-122.4094919,2.1107193576132928,00:11:08,11.2,0.0,0.0,0,11.2,0,0,1,2016-03-11T00:39:23Z
2066338,118642,1610,2016-03-11T00:39:23Z,2016-03-11T00:59:13Z,2016-03-11,37.80835984,-122.40926844,37.78056197,-122.4769103,5.905197482325172,00:19:49,22.75,0.0,4.55,0,27.3,1,1,1,2016-03-11T01:19:57Z
2066542,118642,1610,2016-03-11T01:19:57Z,2016-03-11T01:23:18Z,2016-03-11,37.78723895,-122.43358257,37.78322303,-122.43320162,0.2860867643253464,00:03:20,5.15,0.0,0.0,0,5.15,0,0,1,2016-03-11T01:46:17Z
2066909,118642,1610,2016-03-11T01:46:17Z,2016-03-11T02:04:39Z,2016-03-11,37.78184643,-122.44617047,37.8035352,-122.43061057,2.9787630800851015,00:18:21,16.15,0.0,3.23,0,19.38,1,1,1,2016-03-11T02:10:50Z
2067122,118642,1610,2016-03-11T02:10:50Z,2016-03-11T02:29:11Z,2016-03-11,37.79749587,-122.43248811,37.85142821,-122.49012539,6.08911789388693,00:18:20,23.85,0.0,4.77,6,34.62,1,1,1,2016-03-11T02:44:29Z
2067335,118642,1610,2016-03-11T02:44:29Z,2016-03-11T02:53:47Z,2016-03-11,37.79808487,-122.42719732,37.80272165,-122.4442698,1.4882897410999667,00:09:17,9.55,0.0,1.0,0,10.55,1,0,1,2016-03-11T13:37:29Z
2070078,118642,1610,2016-03-11T13:37:29Z,2016-03-11T13:47:23Z,2016-03-11,37.79336136,-122.43464309,37.80841842,-122.41009706,2.3753646250482383,00:09:53,11.2,0.0,3.0,0,14.2,1,1,1,2016-03-11T14:23:40Z
2070184,118642,1610,2016-03-11T14:23:40Z,2016-03-11T14:25:45Z,2016-03-11,37.76082379,-122.44974855,37.76367568,-122.45743825,0.6409338412623936,00:02:05,5.15,0.0,0.0,0,5.15,0,1,1,2016-03-11T14:48:04Z
2070309,118642,1610,2016-03-11T14:48:04Z,2016-03-11T14:59:02Z,2016-03-11,37.7902724,-122.42950271,37.79316907,-122.39483216,2.1791589343747284,00:10:58,11.75,0.0,0.0,0,11.75,0,0,1,2016-03-11T15:14:19Z
2070370,118642,1610,2016-03-11T15:14:19Z,2016-03-11T15:17:41Z,2016-03-11,37.78923673,-122.41649813,37.7925057,-122.404029,0.7896405891103311,00:03:22,5.7,0.0,0.0,0,5.7,0,0,1,2016-03-11T15:41:46Z
2070526,118642,1610,2016-03-11T15:41:46Z,2016-03-11T15:47:18Z,2016-03-11,37.7939901,-122.41578996,37.79293953,-122.40441194,0.7866889242463799,00:05:31,6.25,0.0,0.0,0,6.25,0,0,1,2016-03-11T15:53:10Z
2070638,118642,1610,2016-03-11T15:53:10Z,2016-03-11T16:04:06Z,2016-03-11,37.79656691,-122.39813849,37.77647819,-122.39590027,1.9685018124286835,00:10:55,11.2,0.0,0.0,0,11.2,0,0,1,2016-03-11T16:16:26Z
2070789,118642,1610,2016-03-11T16:16:26Z,2016-03-11T16:25:03Z,2016-03-11,37.78744729,-122.41492602,37.79739396,-122.4058316,1.2131344107858828,00:08:37,8.45,0.0,0.0,0,8.45,1,0,1,2016-03-11T16:38:02Z
2071223,118642,1610,2016-03-11T16:38:02Z,2016-03-11T17:14:43Z,2016-03-11,37.80212612,-122.42314155,37.61473701,-122.38637716,15.305834865769297,00:36:40,50.8,0.0,0.0,0,50.8,0,0,1,2016-03-11T19:16:51Z
2072183,118642,1610,2016-03-11T19:16:51Z,2016-03-11T19:27:14Z,2016-03-11,37.61528065,-122.3902515,37.61606485,-122.43622044,4.328854315792856,00:10:23,16.15,0.0,0.0,4,20.15,0,0,1,2016-03-11T20:15:21Z
2072577,118642,1610,2016-03-11T20:15:21Z,2016-03-11T20:36:38Z,2016-03-11,37.61773289,-122.38685504,37.79001202,-122.40992517,13.98154671190284,00:21:16,43.65,0.0,0.0,0,43.65,0,0,1,2016-03-11T20:42:29Z
2072737,118642,1610,2016-03-11T20:42:29Z,2016-03-11T21:03:06Z,2016-03-11,37.78838206,-122.40848448,37.6178016,-122.38717454,14.235396771525922,00:20:37,43.65,0.0,8.0,0,51.65,1,0,1,2016-03-11T22:50:26Z
2073522,118642,1610,2016-03-11T22:50:26Z,2016-03-11T23:26:36Z,2016-03-11,37.61505572,-122.39010164,37.38161412,-122.01339708,29.663721860749437,00:36:10,85.45,0.0,0.0,0,85.45,0,0,1,
2066271,429758,1587,2016-03-11T00:01:30Z,2016-03-11T00:48:55Z,2016-03-11,37.79265822,-122.40339356,37.6146905,-122.38609942,14.686007392824422,00:47:24,54.65,0.0,8.0,0,62.65,0,0,1,2016-03-11T02:21:19Z
2067406,429758,1587,2016-03-11T02:21:19Z,2016-03-11T03:00:58Z,2016-03-11,37.61747573,-122.38695166,37.77770874,-122.40799926,13.277105254898062,00:39:39,46.95,0.0,0.0,4,50.95,0,0,1,2016-03-11T04:48:22Z
2068339,429758,1587,2016-03-11T04:48:22Z,2016-03-11T05:01:22Z,2016-03-11,37.61536993,-122.3902266,37.69527255,-122.47157322,8.916510339861516,00:12:59,27.7,0.0,0.0,4,31.7,0,0,1,2016-03-11T05:23:21Z
2068607,429758,1587,2016-03-11T05:23:21Z,2016-03-11T05:38:38Z,2016-03-11,37.61707097,-122.38455194,37.76404256,-122.38801979,12.13372886253125,00:15:17,37.05,0.0,6.0,4,47.05,0,0,1,2016-03-11T07:24:16Z
2069193,429758,1587,2016-03-11T07:24:16Z,2016-03-11T07:29:28Z,2016-03-11,37.76284826,-122.41948568,37.78638527,-122.42149903,1.6431787985640118,00:05:12,7.9,0.0,0.0,0,7.9,0,0,1,2016-03-11T07:48:40Z
2069284,429758,1587,2016-03-11T07:48:40Z,2016-03-11T07:50:54Z,2016-03-11,37.77908796,-122.41084913,37.78836601,-122.41552289,0.7275473117742197,00:02:13,5.15,0.0,2.0,0,7.15,1,0,1,2016-03-11T08:43:07Z
2069518,429758,1587,2016-03-11T08:43:07Z,2016-03-11T09:01:19Z,2016-03-11,37.61498741,-122.39015676,37.7924031,-122.41078676,13.923855576521312,00:18:12,41.45,0.0,0.0,4,45.45,0,0,1,2016-03-11T09:30:06Z
2069626,429758,1587,2016-03-11T09:30:06Z,2016-03-11T09:46:32Z,2016-03-11,37.61770523,-122.38650721,37.74760848,-122.43605129,12.363556104941031,00:16:25,37.6,0.0,0.0,4,41.6,0,0,1,2016-03-11T16:32:53Z
2070921,429758,1587,2016-03-11T16:32:53Z,2016-03-11T16:42:08Z,2016-03-11,37.78682431,-122.40279034,37.7938137,-122.39853811,0.826808553210123,00:09:15,9.0,0.0,6.0,0,15.0,0,0,1,2016-03-11T16:51:10Z
2071191,429758,1587,2016-03-11T16:51:10Z,2016-03-11T17:11:08Z,2016-03-11,37.79323756,-122.41116415,37.76117369,-122.42159448,3.1611197479341797,00:19:57,17.25,0.0,3.45,0,20.7,1,1,1,2016-03-11T17:20:50Z
2071415,429758,1587,2016-03-11T17:20:50Z,2016-03-11T17:36:42Z,2016-03-11,37.7657414,-122.43613318,37.77665586,-122.3957637,2.5555467971292187,00:15:52,14.5,0.0,2.9,0,17.4,1,1,1,2016-03-11T17:49:47Z
2071575,429758,1587,2016-03-11T17:49:47Z,2016-03-11T17:55:53Z,2016-03-11,37.78114132,-122.4088013,37.78144247,-122.41746917,0.7788945538461446,00:06:05,6.8,0.0,0.0,0,6.8,0,0,1,2016-03-11T17:56:50Z
2071586,429758,1587,2016-03-11T17:56:50Z,2016-03-11T17:57:36Z,2016-03-11,37.7814565,-122.41740637,37.78235322,-122.41743243,0.050763497704501406,00:00:45,3.5,0.0,0.0,0,3.5,0,0,1,2016-03-11T18:01:02Z
2071676,429758,1587,2016-03-11T18:01:02Z,2016-03-11T18:07:20Z,2016-03-11,37.78524111,-122.41974783,37.79244188,-122.4041473,1.2339216740491112,00:06:17,7.9,0.0,0.0,0,7.9,0,0,1,2016-03-11T18:16:05Z
2071858,429758,1587,2016-03-11T18:16:05Z,2016-03-11T18:33:09Z,2016-03-11,37.80247794,-122.40883033,37.77636047,-122.417834,2.6657148778975506,00:17:04,15.6,0.0,3.4,0,19.0,1,1,1,2016-03-11T19:04:17Z
2072153,429758,1587,2016-03-11T19:04:17Z,2016-03-11T19:20:12Z,2016-03-11,37.78861701,-122.40339841,37.78600549,-122.4571443,3.2056928152275,00:15:54,15.05,0.0,3.01,0,18.06,1,1,1,2016-03-11T20:20:11Z
2072578,429758,1587,2016-03-11T20:20:11Z,2016-03-11T20:29:43Z,2016-03-11,37.78187695,-122.40458968,37.75686395,-122.40685663,2.0926571164989647,00:09:31,10.65,0.0,0.0,0,10.65,0,0,1,2016-03-11T22:37:02Z
2073280,429758,1587,2016-03-11T22:37:02Z,2016-03-11T22:46:51Z,2016-03-11,37.77207314,-122.41660222,37.79843342,-122.41806564,2.1472475187340176,00:09:49,10.65,0.0,2.13,0,12.78,1,1,1,2016-03-11T22:51:02Z
2073331,429758,1587,2016-03-11T22:51:02Z,2016-03-11T22:55:52Z,2016-03-11,37.80035457,-122.42275377,37.7985521,-122.43579024,0.8011618213450059,00:04:50,6.8,0.0,1.36,0,8.16,1,1,1,2016-03-11T22:58:43Z
2073397,429758,1587,2016-03-11T22:58:43Z,2016-03-11T23:06:52Z,2016-03-11,37.79759968,-122.43133857,37.80256571,-122.40304613,2.0457581548902772,00:08:09,10.1,0.0,0.0,0,10.1,0,0,1,2016-03-11T23:22:33Z
2073659,429758,1587,2016-03-11T23:22:33Z,2016-03-11T23:50:19Z,2016-03-11,37.79264378,-122.4008041,37.61715362,-122.38399141,14.784156128001406,00:27:46,46.4,0.0,13.6,0,60.0,0,0,1,
2066012,348778,1442,2016-03-10T23:53:06Z,2016-03-11T00:09:01Z,2016-03-11,37.78933792,-122.40773828,37.78316949,-122.3893716,1.7380436416039786,00:15:55,12.85,0.0,0.0,0,12.85,0,0,1,2016-03-11T00:24:21Z
2066195,348778,1442,2016-03-11T00:24:21Z,2016-03-11T00:37:40Z,2016-03-11,37.79737565,-122.40233032,37.79356598,-122.43442592,1.8879430701920292,00:13:18,11.75,0.0,2.35,0,14.1,1,1,1,2016-03-11T00:43:40Z
2066294,348778,1442,2016-03-11T00:43:40Z,2016-03-11T00:53:16Z,2016-03-11,37.7897264,-122.43473321,37.77884963,-122.41521318,1.8271999402213477,00:09:36,10.1,0.0,2.02,0,12.12,1,1,1,2016-03-11T01:03:36Z
2066695,348778,1442,2016-03-11T01:03:36Z,2016-03-11T01:40:48Z,2016-03-11,37.76964818,-122.40412776,37.64690179,-122.40440932,10.093504491415821,00:37:11,38.7,0.0,8.0,0,46.7,1,0,1,2016-03-11T02:54:01Z
2067731,348778,1442,2016-03-11T02:54:01Z,2016-03-11T03:39:44Z,2016-03-11,37.61749298,-122.38711178,37.79745447,-122.43338805,15.059418711594969,00:45:42,51.9,0.0,10.0,4,65.9,1,0,1,2016-03-11T03:46:13Z
2067847,348778,1442,2016-03-11T03:46:13Z,2016-03-11T03:55:18Z,2016-03-11,37.79083145,-122.43243833,37.78303645,-122.41579856,1.6273449074104473,00:09:04,9.55,0.0,1.0,0,10.55,3,0,1,2016-03-11T04:04:28Z
2067961,348778,1442,2016-03-11T04:04:28Z,2016-03-11T04:11:29Z,2016-03-11,37.78543106,-122.40863641,37.79229639,-122.41081192,1.0320148723486113,00:07:00,7.35,0.0,0.0,0,7.35,0,0,1,2016-03-11T04:13:51Z
2068147,348778,1442,2016-03-11T04:13:51Z,2016-03-11T04:37:23Z,2016-03-11,37.79195514,-122.40937824,37.74627556,-122.44103742,5.0727572975816955,00:23:32,21.65,0.0,0.0,0,21.65,0,0,1,2016-03-11T04:52:31Z
2068360,348778,1442,2016-03-11T04:52:31Z,2016-03-11T05:05:06Z,2016-03-11,37.77022261,-122.42543552,37.79694517,-122.41693322,2.332303722804199,00:12:34,11.75,0.0,0.0,0,11.75,0,0,1,2016-03-11T18:11:38Z
2072003,348778,1442,2016-03-11T18:11:38Z,2016-03-11T18:55:08Z,2016-03-11,37.61523309,-122.39016613,37.36148196,-121.87311114,36.08990874717637,00:43:30,102.5,0.0,28.0,4,134.5,1,0,1,2016-03-11T21:37:46Z
2073098,348778,1442,2016-03-11T21:37:46Z,2016-03-11T22:06:30Z,2016-03-11,37.61786536,-122.38662226,37.77471563,-122.4774424,15.287643981400375,00:28:43,48.05,0.0,5.0,4,57.05,1,0,1,
2066458,79989,1436,2016-03-11T01:05:48Z,2016-03-11T01:12:27Z,2016-03-11,37.61530904,-122.39013877,37.60323555,-122.37729422,2.0912189820018554,00:06:39,9.55,0.0,0.0,4,13.55,0,0,1,2016-03-11T01:31:38Z
2067305,79989,1436,2016-03-11T01:31:38Z,2016-03-11T02:50:21Z,2016-03-11,37.61544857,-122.38502582,37.71199236,-122.21232507,31.65312911226131,01:18:43,98.65,0.0,0.0,10,108.65,0,0,1,2016-03-11T04:44:33Z
2068376,79989,1436,2016-03-11T04:44:33Z,2016-03-11T05:07:05Z,2016-03-11,37.61726059,-122.38461823,37.78494649,-122.4038443,13.992703990041157,00:22:32,43.1,0.0,0.0,4,47.1,0,0,1,2016-03-11T06:42:44Z
2069102,79989,1436,2016-03-11T06:42:44Z,2016-03-11T07:09:56Z,2016-03-11,37.61701557,-122.38446718,37.43502097,-122.24038051,22.510812238503874,00:27:12,66.2,0.0,0.0,4,70.2,0,0,1,2016-03-11T08:19:57Z
2069445,79989,1436,2016-03-11T08:19:57Z,2016-03-11T08:38:55Z,2016-03-11,37.61523801,-122.38527165,37.80141345,-122.41731788,14.785691351747266,00:18:57,43.65,0.0,0.0,4,47.65,0,0,1,2016-03-11T09:26:58Z
2069700,79989,1436,2016-03-11T09:26:58Z,2016-03-11T10:14:27Z,2016-03-11,37.61710835,-122.38449866,37.91658564,-121.99785162,40.08733768641672,00:47:29,114.6,0.0,0.0,10,124.6,0,0,1,
2065951,79983,1435,2016-03-10T23:47:07Z,2016-03-11T00:01:58Z,2016-03-11,37.78209438,-122.40431765,37.78603428,-122.40583495,2.171327169443529,00:14:50,12.85,0.0,0.0,0,12.85,0,0,1,2016-03-11T00:05:20Z
2066173,79983,1435,2016-03-11T00:05:20Z,2016-03-11T00:32:46Z,2016-03-11,37.78499563,-122.40508523,37.61514035,-122.38969118,13.280968193382703,00:27:25,42.55,0.0,0.0,0,42.55,0,0,1,2016-03-11T15:00:28Z
2070407,79983,1435,2016-03-11T15:00:28Z,2016-03-11T15:27:51Z,2016-03-11,37.78611296,-122.41094132,37.61503242,-122.39246844,14.574375388227281,00:27:22,45.85,0.0,0.0,5,50.85,0,0,1,2016-03-11T15:51:40Z
2070565,79983,1435,2016-03-11T15:51:40Z,2016-03-11T15:53:06Z,2016-03-11,37.71185183,-122.41291751,37.71120028,-122.41324573,0.04514991396265137,00:01:26,4.05,0.0,0.0,0,4.05,0,1,1,2016-03-11T15:53:17Z
2070814,79983,1435,2016-03-11T15:53:17Z,2016-03-11T16:29:17Z,2016-03-11,37.71120882,-122.41325534,37.74407367,-122.39517129,3.4452690318273906,00:35:59,26.05,0.0,0.0,0,26.05,0,0,1,2016-03-11T16:54:56Z
2071092,79983,1435,2016-03-11T16:54:56Z,2016-03-11T16:59:27Z,2016-03-11,37.77857027,-122.411964,37.77834359,-122.4151366,0.42566960691023437,00:04:30,6.25,0.0,0.0,0,6.25,0,0,1,2016-03-11T17:02:21Z
2071115,79983,1435,2016-03-11T17:02:21Z,2016-03-11T17:02:23Z,2016-03-11,37.77841231,-122.41512,37.77841623,-122.41513182,0.0,00:00:01,3.5,0.0,0.0,0,3.5,0,0,1,2016-03-11T17:02:34Z
2071193,79983,1435,2016-03-11T17:02:34Z,2016-03-11T17:10:51Z,2016-03-11,37.77843221,-122.41512473,37.77208935,-122.42240545,0.8843536543481504,00:08:17,8.45,0.0,0.0,0,8.45,0,0,1,2016-03-11T17:11:30Z
2071197,79983,1435,2016-03-11T17:11:30Z,2016-03-11T17:11:31Z,2016-03-11,37.77213486,-122.42236291,37.77213379,-122.42236741,2.496152274393611E-4,00:00:01,3.5,0.0,0.0,0,3.5,0,0,1,2016-03-11T17:12:01Z
2071402,79983,1435,2016-03-11T17:12:01Z,2016-03-11T17:31:44Z,2016-03-11,37.77212959,-122.42239423,37.7984487,-122.44678839,3.2170006786678518,00:19:43,17.25,0.0,0.0,0,17.25,0,0,1,2016-03-11T17:35:47Z
2071409,79983,1435,2016-03-11T17:35:47Z,2016-03-11T17:36:14Z,2016-03-11,37.79844707,-122.44678685,37.79858025,-122.44631667,0.022698864290631286,00:00:26,3.5,0.0,0.0,0,3.5,0,0,1,2016-03-11T17:36:32Z
2071519,79983,1435,2016-03-11T17:36:32Z,2016-03-11T17:50:30Z,2016-03-11,37.79872089,-122.44532323,37.79880718,-122.44371219,0.07028191162607043,00:13:57,10.65,0.0,0.0,0,10.65,0,0,2,2016-03-11T17:54:48Z
2071615,79983,1435,2016-03-11T17:54:48Z,2016-03-11T18:00:10Z,2016-03-11,37.79752644,-122.43562034,37.8040733,-122.43374068,0.6104844152506138,00:05:21,6.8,0.0,1.36,0,8.16,1,1,1,2016-03-11T18:04:32Z
2071832,79983,1435,2016-03-11T18:04:32Z,2016-03-11T18:23:44Z,2016-03-11,37.80107137,-122.42469286,37.78502171,-122.40487573,2.117277432962453,00:19:12,15.6,0.0,0.0,0,15.6,0,1,1,2016-03-11T18:42:17Z
2072002,79983,1435,2016-03-11T18:42:17Z,2016-03-11T18:55:27Z,2016-03-11,37.78582219,-122.41126849,37.78607893,-122.41105256,0.012502292308417802,00:13:10,10.65,0.0,0.0,2,12.65,0,0,1,2016-03-11T18:55:42Z
2072044,79983,1435,2016-03-11T18:55:42Z,2016-03-11T19:01:29Z,2016-03-11,37.78607868,-122.41105372,37.78258969,-122.41908522,0.7764190814069218,00:05:46,6.8,0.0,0.0,0,6.8,0,0,1,2016-03-11T19:06:38Z
2072095,79983,1435,2016-03-11T19:06:38Z,2016-03-11T19:10:02Z,2016-03-11,37.78901586,-122.42198942,37.79326468,-122.41489961,0.6264329551537764,00:03:24,5.7,0.0,0.0,5,10.7,0,0,1,2016-03-11T19:28:41Z
2072354,79983,1435,2016-03-11T19:28:41Z,2016-03-11T19:55:46Z,2016-03-11,37.78580568,-122.4108293,37.78521605,-122.40502268,1.7689747592362168,00:27:05,19.45,0.0,0.0,5,24.45,0,0,1,2016-03-11T19:59:01Z
2072452,79983,1435,2016-03-11T19:59:01Z,2016-03-11T20:13:47Z,2016-03-11,37.78505784,-122.40500697,37.80415204,-122.40512939,2.4629946503348674,00:14:45,13.95,0.0,0.0,0,13.95,0,0,1,2016-03-11T20:24:36Z
2072688,79983,1435,2016-03-11T20:24:36Z,2016-03-11T20:54:28Z,2016-03-11,37.79312333,-122.40040428,37.61706953,-122.38427503,14.440799999797031,00:29:51,48.05,0.0,9.61,5,62.66,1,1,1,2016-03-11T21:31:28Z
2073108,79983,1435,2016-03-11T21:31:28Z,2016-03-11T22:02:33Z,2016-03-11,37.78496466,-122.4049998,37.71750964,-122.39903798,21.30827451241125,00:31:05,64.55,0.0,0.0,0,64.55,0,0,1,2016-03-11T22:24:08Z
2073214,79983,1435,2016-03-11T22:24:08Z,2016-03-11T22:31:56Z,2016-03-11,37.78533322,-122.40528252,37.78894911,-122.40102258,0.6614805052310635,00:07:47,8.45,0.0,0.0,5,13.45,0,0,1,
2065972,306530,1312,2016-03-10T23:44:40Z,2016-03-11T00:04:43Z,2016-03-11,37.79272362,-122.39258596,37.80080268,-122.43691147,3.502223708971457,00:20:02,17.8,0.0,3.56,0,21.36,1,1,1,2016-03-11T00:05:36Z
2066006,306530,1312,2016-03-11T00:05:36Z,2016-03-11T00:08:51Z,2016-03-11,37.80062771,-122.43790946,37.79804453,-122.429005,0.705738639273751,00:03:15,5.7,0.0,0.0,0,5.7,0,0,1,2016-03-11T00:16:31Z
2066109,306530,1312,2016-03-11T00:16:31Z,2016-03-11T00:25:56Z,2016-03-11,37.7960863,-122.41659616,37.78680335,-122.40505739,1.377551716101082,00:09:24,8.45,0.0,1.69,0,10.14,1,1,1,2016-03-11T00:39:32Z
2066390,306530,1312,2016-03-11T00:39:32Z,2016-03-11T00:56:54Z,2016-03-11,37.80013593,-122.39767892,37.78940789,-122.39174149,1.1360657236378886,00:17:21,13.4,0.0,0.0,0,13.4,0,1,1,2016-03-11T01:27:50Z
2066723,306530,1312,2016-03-11T01:27:50Z,2016-03-11T01:44:22Z,2016-03-11,37.77543696,-122.39378474,37.78720386,-122.40998911,1.5596755214551112,00:16:31,13.4,0.0,1.35,0,14.75,3,1,1,2016-03-11T01:49:13Z
2066945,306530,1312,2016-03-11T01:49:13Z,2016-03-11T02:07:37Z,2016-03-11,37.78825042,-122.41649738,37.7698086,-122.44889088,2.930129558366715,00:18:23,15.6,0.0,2.0,0,17.6,1,1,1,2016-03-11T02:58:49Z
2067485,306530,1312,2016-03-11T02:58:49Z,2016-03-11T03:13:40Z,2016-03-11,37.78221114,-122.43920343,37.75527909,-122.41880591,2.87342883028891,00:14:50,14.5,0.0,2.9,0,17.4,1,1,1,2016-03-11T03:39:26Z
2067774,306530,1312,2016-03-11T03:39:26Z,2016-03-11T03:45:55Z,2016-03-11,37.77351118,-122.42156308,37.78035817,-122.42018521,0.8456525903298154,00:06:28,7.35,0.0,0.0,0,7.35,0,1,1,2016-03-11T03:49:29Z
2067836,306530,1312,2016-03-11T03:49:29Z,2016-03-11T03:54:02Z,2016-03-11,37.78556097,-122.41458179,37.79199412,-122.41075393,0.6643975820501474,00:04:32,6.25,0.0,0.0,0,6.25,0,0,1,2016-03-11T04:04:53Z
2067994,306530,1312,2016-03-11T04:04:53Z,2016-03-11T04:15:59Z,2016-03-11,37.78933372,-122.4082014,37.78747224,-122.45273095,2.78737407806325,00:11:06,12.3,0.0,3.0,0,15.3,1,0,1,2016-03-11T04:19:04Z
2068076,306530,1312,2016-03-11T04:19:04Z,2016-03-11T04:27:17Z,2016-03-11,37.78669894,-122.45068882,37.78823186,-122.41008319,2.45036697991932,00:08:12,10.65,0.0,0.0,0,10.65,0,0,1,2016-03-11T04:29:05Z
2068106,306530,1312,2016-03-11T04:29:05Z,2016-03-11T04:29:58Z,2016-03-11,37.78806488,-122.40902815,37.78876255,-122.40846232,0.04990551887553302,00:00:52,3.5,0.0,0.0,0,3.5,0,0,1,2016-03-11T04:31:02Z
2068140,306530,1312,2016-03-11T04:31:02Z,2016-03-11T04:35:32Z,2016-03-11,37.78897164,-122.40853259,37.78907235,-122.40283021,0.49811805943333787,00:04:29,5.7,0.0,0.0,0,5.7,0,0,1,2016-03-11T04:41:08Z
2068221,306530,1312,2016-03-11T04:41:08Z,2016-03-11T04:46:26Z,2016-03-11,37.78765792,-122.40130382,37.78742189,-122.41673854,1.0959997213138848,00:05:17,6.8,0.0,0.0,0,6.8,0,0,1,2016-03-11T04:56:39Z
2068321,306530,1312,2016-03-11T04:56:39Z,2016-03-11T05:00:56Z,2016-03-11,37.7835524,-122.41527712,37.78570046,-122.42501655,0.6927156335734502,00:04:16,6.25,0.0,0.0,0,6.25,0,1,1,2016-03-11T05:12:20Z
2068412,306530,1312,2016-03-11T05:12:20Z,2016-03-11T05:13:48Z,2016-03-11,37.78472961,-122.41113153,37.78450089,-122.41599557,0.27892051585393823,00:01:27,4.05,0.0,0.0,0,4.05,0,0,1,2016-03-11T05:27:05Z
2068564,306530,1312,2016-03-11T05:27:05Z,2016-03-11T05:34:53Z,2016-03-11,37.78763453,-122.39935168,37.79013279,-122.42210583,1.6466793210873027,00:07:48,9.0,0.0,1.8,0,10.8,1,1,1,2016-03-11T05:36:54Z
2068705,306530,1312,2016-03-11T05:36:54Z,2016-03-11T05:57:37Z,2016-03-11,37.78999414,-122.42232853,37.6144348,-122.3901624,13.728447686409016,00:20:43,41.45,0.0,0.0,0,41.45,0,0,1,2016-03-11T06:17:48Z
2068820,306530,1312,2016-03-11T06:17:48Z,2016-03-11T06:19:35Z,2016-03-11,37.77987296,-122.40722666,37.78005519,-122.41204996,0.35382542118413624,00:01:46,4.6,0.0,0.0,0,4.6,0,0,1,2016-03-11T06:20:17Z
2068880,306530,1312,2016-03-11T06:20:17Z,2016-03-11T06:30:17Z,2016-03-11,37.7804036,-122.41249139,37.7541678,-122.41984856,2.246046903579578,00:09:59,11.2,0.0,0.0,0,11.2,0,0,1,2016-03-11T16:58:31Z
2071265,306530,1312,2016-03-11T16:58:31Z,2016-03-11T17:18:47Z,2016-03-11,37.78646062,-122.43020496,37.8064338,-122.40488725,2.9357319114234923,00:20:15,16.7,0.0,0.0,0,16.7,0,0,1,2016-03-11T17:34:13Z
2071442,306530,1312,2016-03-11T17:34:13Z,2016-03-11T17:40:41Z,2016-03-11,37.79891236,-122.41059476,37.78997714,-122.40277291,0.9116650875744522,00:06:27,7.35,0.0,1.47,0,8.82,1,1,1,2016-03-11T17:50:27Z
2071642,306530,1312,2016-03-11T17:50:27Z,2016-03-11T18:02:27Z,2016-03-11,37.78918386,-122.40844142,37.76597789,-122.40079319,2.4092788098483204,00:11:59,11.75,0.0,0.0,0,11.75,0,0,1,2016-03-11T18:11:45Z
2071765,306530,1312,2016-03-11T18:11:45Z,2016-03-11T18:18:47Z,2016-03-11,37.77425889,-122.41226205,37.76321124,-122.43519166,1.7848602290531796,00:07:02,9.0,0.0,0.0,0,9.0,0,1,1,2016-03-11T18:29:15Z
2071931,306530,1312,2016-03-11T18:29:15Z,2016-03-11T18:46:30Z,2016-03-11,37.77839672,-122.43685164,37.79045227,-122.39057472,3.0650875583799455,00:17:14,15.6,0.0,3.12,0,18.72,1,1,1,2016-03-11T19:54:08Z
2072428,306530,1312,2016-03-11T19:54:08Z,2016-03-11T20:09:23Z,2016-03-11,37.78565607,-122.40967162,37.77083491,-122.46855485,3.9776576239441135,00:15:14,16.7,0.0,0.0,0,16.7,0,0,1,2016-03-11T20:11:10Z
2072515,306530,1312,2016-03-11T20:11:10Z,2016-03-11T20:25:44Z,2016-03-11,37.7704581,-122.46900583,37.78359975,-122.40547655,4.489672644018453,00:14:34,17.25,0.0,0.0,0,17.25,0,0,1,2016-03-11T20:39:04Z
2072657,306530,1312,2016-03-11T20:39:04Z,2016-03-11T20:48:18Z,2016-03-11,37.77601237,-122.41930209,37.75523285,-122.41767603,1.753776044152209,00:09:13,10.1,0.0,1.05,0,11.15,3,1,1,2016-03-11T21:07:24Z
2072896,306530,1312,2016-03-11T21:07:24Z,2016-03-11T21:29:44Z,2016-03-11,37.74216653,-122.4245645,37.78936276,-122.41459674,3.840449883995004,00:22:19,18.9,0.0,0.0,0,18.9,2,1,1,2016-03-11T22:21:07Z
2073265,306530,1312,2016-03-11T22:21:07Z,2016-03-11T22:43:36Z,2016-03-11,37.78730336,-122.40902045,37.6153425,-122.38463467,14.012380339915953,00:22:28,42.55,0.0,7.0,0,49.55,1,0,1,
2067397,433470,1234,2016-03-11T02:15:44Z,2016-03-11T03:01:31Z,2016-03-11,37.61708297,-122.38458966,37.80611784,-122.41612622,16.071926078340436,00:45:46,54.1,0.0,0.0,4,58.1,0,0,1,2016-03-11T04:53:18Z
2068541,433470,1234,2016-03-11T04:53:18Z,2016-03-11T05:30:48Z,2016-03-11,37.61727169,-122.38443886,37.79502581,-122.40071223,14.886005177171375,00:37:30,49.7,0.0,0.0,4,53.7,0,0,1,2016-03-11T07:03:49Z
2069166,433470,1234,2016-03-11T07:03:49Z,2016-03-11T07:24:02Z,2016-03-11,37.61529515,-122.38511264,37.79124938,-122.40579874,14.361901635415952,00:20:12,44.2,0.0,0.0,4,48.2,0,0,1,2016-03-11T08:28:46Z
2069474,433470,1234,2016-03-11T08:28:46Z,2016-03-11T08:48:00Z,2016-03-11,37.61710145,-122.38446464,37.7873212,-122.4092169,14.218639167191672,00:19:14,43.65,0.0,0.0,4,47.65,0,0,1,2016-03-11T09:22:10Z
2069600,433470,1234,2016-03-11T09:22:10Z,2016-03-11T09:39:24Z,2016-03-11,37.61748003,-122.38698489,37.77182404,-122.4333838,13.987266992111156,00:17:14,42.55,0.0,0.0,4,46.55,0,0,1,2016-03-11T14:50:30Z
2070347,433470,1234,2016-03-11T14:50:30Z,2016-03-11T15:10:02Z,2016-03-11,37.61537794,-122.39017586,37.76141032,-122.41194887,12.084215772899968,00:19:32,37.05,0.0,0.0,4,41.05,0,0,1,2016-03-11T17:57:01Z
2071843,433470,1234,2016-03-11T17:57:01Z,2016-03-11T18:31:02Z,2016-03-11,37.61747166,-122.38702653,37.78799723,-122.41068536,13.776385502979329,00:34:01,47.5,0.0,0.0,4,51.5,0,0,1,2016-03-11T21:06:30Z
2072872,433470,1234,2016-03-11T21:06:30Z,2016-03-11T21:24:53Z,2016-03-11,37.61540835,-122.38498761,37.78500589,-122.40384476,14.010654578519421,00:18:23,42.55,0.0,0.0,4,46.55,0,0,1,
2070025,388321,1149,2016-03-11T13:11:40Z,2016-03-11T13:22:52Z,2016-03-11,37.73782657,-122.40113369,37.78621932,-122.4094892,4.287992788436906,00:11:12,16.15,0.0,0.0,0,16.15,0,1,1,2016-03-11T14:11:05Z
2070193,388321,1149,2016-03-11T14:11:05Z,2016-03-11T14:29:07Z,2016-03-11,37.78590746,-122.41019681,37.61495305,-122.38961221,13.584429135660093,00:18:01,40.9,0.0,8.0,0,48.9,1,0,1,2016-03-11T15:22:59Z
2070530,388321,1149,2016-03-11T15:22:59Z,2016-03-11T15:48:00Z,2016-03-11,37.74379811,-122.425027,37.61754062,-122.38750855,14.378096122107452,00:25:01,43.65,0.0,8.73,0,52.38,1,1,1,2016-03-11T16:43:44Z
2071099,388321,1149,2016-03-11T16:43:44Z,2016-03-11T16:54:42Z,2016-03-11,37.72089045,-122.44013309,37.75158,-122.4363508,2.794113588946012,00:10:58,11.75,0.0,0.0,0,11.75,0,1,1,2016-03-11T17:21:18Z
2071384,388321,1149,2016-03-11T17:21:18Z,2016-03-11T17:32:44Z,2016-03-11,37.78331957,-122.41718142,37.79350904,-122.40267312,1.5883682767978087,00:11:26,10.65,0.0,2.0,0,12.65,1,1,1,2016-03-11T17:40:39Z
2071494,388321,1149,2016-03-11T17:40:39Z,2016-03-11T17:47:38Z,2016-03-11,37.79506886,-122.40487511,37.79436187,-122.39642613,0.8190744843354785,00:06:58,7.35,0.0,0.0,0,7.35,0,0,1,2016-03-11T17:57:28Z
2071633,388321,1149,2016-03-11T17:57:28Z,2016-03-11T18:02:04Z,2016-03-11,37.79576109,-122.40503997,37.80233407,-122.4029509,0.6024038591194927,00:04:36,6.25,0.0,0.0,0,6.25,0,0,1,2016-03-11T18:04:37Z
2071704,388321,1149,2016-03-11T18:04:37Z,2016-03-11T18:09:45Z,2016-03-11,37.80490458,-122.40357613,37.79533988,-122.40047057,0.9109856145351534,00:05:07,7.35,0.0,0.0,0,7.35,0,0,1,2016-03-11T18:36:00Z
2071893,388321,1149,2016-03-11T18:36:00Z,2016-03-11T18:39:41Z,2016-03-11,37.7948184,-122.3970355,37.80226994,-122.40295333,0.8205495582576983,00:03:40,5.7,0.0,2.0,0,7.7,1,0,1,2016-03-11T18:54:12Z
2072101,388321,1149,2016-03-11T18:54:12Z,2016-03-11T19:10:16Z,2016-03-11,37.80854188,-122.41048315,37.77652272,-122.41809298,2.8986747655990315,00:16:04,15.05,0.0,0.0,0,15.05,0,0,1,2016-03-11T19:34:51Z
2072708,388321,1149,2016-03-11T19:34:51Z,2016-03-11T20:58:23Z,2016-03-11,37.7864462,-122.41086801,37.61614851,-122.3903819,50.684291802339814,01:23:32,153.1,0.0,0.0,0,153.1,0,0,1,2016-03-11T22:48:09Z
2073369,388321,1149,2016-03-11T22:48:09Z,2016-03-11T22:57:59Z,2016-03-11,37.61766978,-122.38679375,37.71572049,-122.38352733,8.782504117889937,00:09:49,27.15,0.0,0.0,0,27.15,0,0,1,2016-03-11T23:19:34Z
2073704,388321,1149,2016-03-11T23:19:34Z,2016-03-11T23:56:56Z,2016-03-11,37.6150208,-122.3900198,37.76679636,-122.44950726,15.734824924986782,00:37:22,51.9,0.0,0.0,0,51.9,0,0,1,
